c_simple,868147,0,0,64,2.80047e+06,18125.4
c_slow,868147,0,0,64,2.17525e+08,2.17525e+08
t_simple,868147,1,512,64,1.60712e+07,1.57476e+06
t_simple,868147,2,512,64,1.43643e+07,1.57718e+06
t_simple,868147,4,512,64,1.31473e+07,1.18932e+06
t_simple,868147,8,512,64,8.52269e+06,2.07371e+06
t_simple,868147,1,1024,64,1.10889e+07,1.6653e+06
t_simple,868147,2,1024,64,1.01293e+07,960984
t_simple,868147,4,1024,64,1.02627e+07,1.28845e+06
t_simple,868147,8,1024,64,7.82443e+06,1.76526e+06
t_simple,868147,1,2048,64,1.06627e+07,1.66551e+06
t_simple,868147,2,2048,64,8.80249e+06,1.11358e+06
t_simple,868147,4,2048,64,9.06192e+06,1.49288e+06
t_simple,868147,8,2048,64,6.93457e+06,1.25781e+06
t_simple,868147,1,4096,64,9.60119e+06,1.12115e+06
t_simple,868147,2,4096,64,7.77244e+06,809460
t_simple,868147,4,4096,64,8.84344e+06,1.43669e+06
t_simple,868147,8,4096,64,7.07457e+06,1.37609e+06
t_simple,868147,1,8192,64,8.4875e+06,1.4271e+06
t_simple,868147,2,8192,64,7.53988e+06,1.10999e+06
t_simple,868147,4,8192,64,7.71052e+06,1.08625e+06
t_simple,868147,8,8192,64,6.3683e+06,1.55055e+06
t_simple,868147,1,16384,64,9.37097e+06,998174
t_simple,868147,2,16384,64,7.13034e+06,647292
t_simple,868147,4,16384,64,7.68971e+06,1.11891e+06
t_simple,868147,8,16384,64,6.29276e+06,1.24266e+06
t_complex,868147,1,512,64,2.40412e+08,5.91555e+06
t_complex,868147,2,512,64,1.37057e+08,9.10785e+06
t_complex,868147,4,512,64,7.80778e+07,7.6899e+06
t_complex,868147,8,512,64,5.89846e+07,1.0205e+07
t_complex,868147,1,1024,64,2.41104e+08,5.27037e+06
t_complex,868147,2,1024,64,1.37998e+08,9.17179e+06
t_complex,868147,4,1024,64,7.81611e+07,7.74354e+06
t_complex,868147,8,1024,64,5.82362e+07,9.15013e+06
t_complex,868147,1,2048,64,2.40895e+08,4.59595e+06
t_complex,868147,2,2048,64,1.38243e+08,8.87189e+06
t_complex,868147,4,2048,64,7.68115e+07,7.47281e+06
t_complex,868147,8,2048,64,5.79133e+07,1.21419e+07
t_complex,868147,1,4096,64,2.40654e+08,5.65671e+06
t_complex,868147,2,4096,64,1.34502e+08,9.84774e+06
t_complex,868147,4,4096,64,7.74166e+07,8.41032e+06
t_complex,868147,8,4096,64,5.69062e+07,1.13885e+07
t_complex,868147,1,8192,64,2.40238e+08,4.86233e+06
t_complex,868147,2,8192,64,1.30341e+08,1.04463e+07
t_complex,868147,4,8192,64,7.63604e+07,9.19852e+06
t_complex,868147,8,8192,64,5.65252e+07,8.86564e+06
t_complex,868147,1,16384,64,2.39711e+08,6.81016e+06
t_complex,868147,2,16384,64,1.28954e+08,8.90932e+06
t_complex,868147,4,16384,64,7.42321e+07,8.43508e+06
t_complex,868147,8,16384,64,5.41464e+07,9.45293e+06
c_simple,1041776,0,0,64,3.45989e+06,37484.7
c_slow,1041776,0,0,64,2.61022e+08,2.61022e+08
t_simple,1041776,1,512,64,1.81835e+07,5.05439e+06
t_simple,1041776,2,512,64,1.79604e+07,2.03285e+06
t_simple,1041776,4,512,64,1.57727e+07,1.48578e+06
t_simple,1041776,8,512,64,1.22622e+07,1.69768e+06
t_simple,1041776,1,1024,64,1.55733e+07,1.76323e+06
t_simple,1041776,2,1024,64,1.23125e+07,1.9701e+06
t_simple,1041776,4,1024,64,1.20255e+07,1.37294e+06
t_simple,1041776,8,1024,64,1.00037e+07,1.95137e+06
t_simple,1041776,1,2048,64,1.24758e+07,1.24267e+06
t_simple,1041776,2,2048,64,1.05346e+07,1.24711e+06
t_simple,1041776,4,2048,64,1.05376e+07,1.56613e+06
t_simple,1041776,8,2048,64,9.2603e+06,1.67079e+06
t_simple,1041776,1,4096,64,1.03865e+07,1.49992e+06
t_simple,1041776,2,4096,64,9.31868e+06,1.37332e+06
t_simple,1041776,4,4096,64,9.74279e+06,1.42635e+06
t_simple,1041776,8,4096,64,8.16114e+06,1.64805e+06
t_simple,1041776,1,8192,64,1.06364e+07,632989
t_simple,1041776,2,8192,64,8.70166e+06,543445
t_simple,1041776,4,8192,64,9.19203e+06,1.29486e+06
t_simple,1041776,8,8192,64,7.50728e+06,1.83579e+06
t_simple,1041776,1,16384,64,9.71373e+06,1.0783e+06
t_simple,1041776,2,16384,64,8.17087e+06,1.00006e+06
t_simple,1041776,4,16384,64,9.66236e+06,1.57035e+06
t_simple,1041776,8,16384,64,7.06077e+06,1.49434e+06
t_complex,1041776,1,512,64,2.80845e+08,7.61869e+06
t_complex,1041776,2,512,64,1.58495e+08,9.89451e+06
t_complex,1041776,4,512,64,8.85556e+07,8.63077e+06
t_complex,1041776,8,512,64,6.54602e+07,1.04629e+07
t_complex,1041776,1,1024,64,2.8263e+08,7.33672e+06
t_complex,1041776,2,1024,64,1.59874e+08,9.10388e+06
t_complex,1041776,4,1024,64,8.65565e+07,7.72008e+06
t_complex,1041776,8,1024,64,6.32989e+07,1.03353e+07
t_complex,1041776,1,2048,64,2.83376e+08,6.04324e+06
t_complex,1041776,2,2048,64,1.57573e+08,9.67933e+06
t_complex,1041776,4,2048,64,8.52891e+07,9.62457e+06
t_complex,1041776,8,2048,64,6.72621e+07,1.18463e+07
t_complex,1041776,1,4096,64,2.82508e+08,5.07207e+06
t_complex,1041776,2,4096,64,1.56283e+08,1.07738e+07
t_complex,1041776,4,4096,64,8.99391e+07,8.11149e+06
t_complex,1041776,8,4096,64,6.59159e+07,1.3227e+07
t_complex,1041776,1,8192,64,2.82977e+08,5.73715e+06
t_complex,1041776,2,8192,64,1.53858e+08,1.06305e+07
t_complex,1041776,4,8192,64,8.71255e+07,8.3748e+06
t_complex,1041776,8,8192,64,6.16677e+07,1.34456e+07
t_complex,1041776,1,16384,64,2.80521e+08,8.76327e+06
t_complex,1041776,2,16384,64,1.50126e+08,8.6235e+06
t_complex,1041776,4,16384,64,8.57447e+07,8.7446e+06
t_complex,1041776,8,16384,64,6.14982e+07,1.06331e+07
c_simple,1250132,0,0,64,4.09203e+06,17917.1
c_slow,1250132,0,0,64,3.17438e+08,3.17438e+08
t_simple,1250132,1,512,64,2.09336e+07,5.8212e+06
t_simple,1250132,2,512,64,2.13687e+07,2.80269e+06
t_simple,1250132,4,512,64,1.81605e+07,1.13084e+06
t_simple,1250132,8,512,64,1.34065e+07,2.11161e+06
t_simple,1250132,1,1024,64,1.63008e+07,4.58953e+06
t_simple,1250132,2,1024,64,1.4347e+07,1.60396e+06
t_simple,1250132,4,1024,64,1.42899e+07,1.78483e+06
t_simple,1250132,8,1024,64,1.1845e+07,2.38106e+06
t_simple,1250132,1,2048,64,1.41899e+07,1.94239e+06
t_simple,1250132,2,2048,64,1.24979e+07,1.30979e+06
t_simple,1250132,4,2048,64,1.26629e+07,2.10511e+06
t_simple,1250132,8,2048,64,1.08066e+07,2.66421e+06
t_simple,1250132,1,4096,64,1.38153e+07,1.6548e+06
t_simple,1250132,2,4096,64,1.08882e+07,688844
t_simple,1250132,4,4096,64,1.16439e+07,1.79448e+06
t_simple,1250132,8,4096,64,1.00944e+07,2.76058e+06
t_simple,1250132,1,8192,64,1.37466e+07,1.89871e+06
t_simple,1250132,2,8192,64,1.04206e+07,498867
t_simple,1250132,4,8192,64,1.13692e+07,1.6801e+06
t_simple,1250132,8,8192,64,8.91417e+06,1.56898e+06
t_simple,1250132,1,16384,64,1.31354e+07,1.52296e+06
t_simple,1250132,2,16384,64,1.00346e+07,1.10383e+06
t_simple,1250132,4,16384,64,1.11741e+07,1.93482e+06
t_simple,1250132,8,16384,64,8.97413e+06,1.6222e+06
t_complex,1250132,1,512,64,3.35761e+08,4.99287e+06
t_complex,1250132,2,512,64,1.86014e+08,8.5033e+06
t_complex,1250132,4,512,64,1.04109e+08,8.22493e+06
t_complex,1250132,8,512,64,7.13914e+07,1.11853e+07
t_complex,1250132,1,1024,64,3.3453e+08,6.96917e+06
t_complex,1250132,2,1024,64,1.87695e+08,7.84149e+06
t_complex,1250132,4,1024,64,1.00244e+08,8.41143e+06
t_complex,1250132,8,1024,64,7.0993e+07,1.23228e+07
t_complex,1250132,1,2048,64,3.34435e+08,6.09006e+06
t_complex,1250132,2,2048,64,1.85372e+08,8.89388e+06
t_complex,1250132,4,2048,64,1.02883e+08,8.98495e+06
t_complex,1250132,8,2048,64,7.14417e+07,1.42091e+07
t_complex,1250132,1,4096,64,3.34731e+08,5.89746e+06
t_complex,1250132,2,4096,64,1.80709e+08,1.09666e+07
t_complex,1250132,4,4096,64,9.87873e+07,8.86234e+06
t_complex,1250132,8,4096,64,6.99284e+07,1.43574e+07
t_complex,1250132,1,8192,64,3.35712e+08,6.03966e+06
t_complex,1250132,2,8192,64,1.80878e+08,9.87292e+06
t_complex,1250132,4,8192,64,1.00693e+08,7.65097e+06
t_complex,1250132,8,8192,64,7.05967e+07,1.62911e+07
t_complex,1250132,1,16384,64,3.36549e+08,3.80679e+06
t_complex,1250132,2,16384,64,1.77951e+08,1.03033e+07
t_complex,1250132,4,16384,64,9.72784e+07,8.01937e+06
t_complex,1250132,8,16384,64,6.88233e+07,1.36174e+07
c_simple,1500158,0,0,64,4.99183e+06,48760
c_slow,1500158,0,0,64,3.76452e+08,3.76452e+08
t_simple,1500158,1,512,64,2.72773e+07,6.43947e+06
t_simple,1500158,2,512,64,2.41411e+07,2.60539e+06
t_simple,1500158,4,512,64,2.17873e+07,1.54141e+06
t_simple,1500158,8,512,64,1.84618e+07,3.26477e+06
t_simple,1500158,1,1024,64,2.04094e+07,5.55161e+06
t_simple,1500158,2,1024,64,1.77312e+07,2.03407e+06
t_simple,1500158,4,1024,64,1.68501e+07,1.49853e+06
t_simple,1500158,8,1024,64,1.51555e+07,2.4199e+06
t_simple,1500158,1,2048,64,1.91916e+07,2.18374e+06
t_simple,1500158,2,2048,64,1.54747e+07,1.75174e+06
t_simple,1500158,4,2048,64,1.5346e+07,1.84189e+06
t_simple,1500158,8,2048,64,1.25624e+07,2.16495e+06
t_simple,1500158,1,4096,64,1.74378e+07,1.14801e+06
t_simple,1500158,2,4096,64,1.32354e+07,1.2693e+06
t_simple,1500158,4,4096,64,1.40597e+07,2.25619e+06
t_simple,1500158,8,4096,64,1.18851e+07,2.08757e+06
t_simple,1500158,1,8192,64,1.73808e+07,1.43785e+06
t_simple,1500158,2,8192,64,1.28143e+07,1.56454e+06
t_simple,1500158,4,8192,64,1.37793e+07,2.01073e+06
t_simple,1500158,8,8192,64,1.05811e+07,2.10629e+06
t_simple,1500158,1,16384,64,1.67952e+07,1.4209e+06
t_simple,1500158,2,16384,64,1.24067e+07,1.49151e+06
t_simple,1500158,4,16384,64,1.3338e+07,2.20307e+06
t_simple,1500158,8,16384,64,1.08822e+07,2.4386e+06
t_complex,1500158,1,512,64,3.97715e+08,5.89854e+06
t_complex,1500158,2,512,64,2.17963e+08,8.37864e+06
t_complex,1500158,4,512,64,1.21375e+08,8.82537e+06
t_complex,1500158,8,512,64,7.99917e+07,1.25323e+07
t_complex,1500158,1,1024,64,3.9821e+08,5.48918e+06
t_complex,1500158,2,1024,64,2.17785e+08,1.00466e+07
t_complex,1500158,4,1024,64,1.21855e+08,8.55867e+06
t_complex,1500158,8,1024,64,7.91635e+07,1.47382e+07
t_complex,1500158,1,2048,64,3.98199e+08,3.70929e+06
t_complex,1500158,2,2048,64,2.18123e+08,7.50006e+06
t_complex,1500158,4,2048,64,1.15083e+08,8.84051e+06
t_complex,1500158,8,2048,64,8.00983e+07,1.35495e+07
t_complex,1500158,1,4096,64,3.97967e+08,4.05939e+06
t_complex,1500158,2,4096,64,2.14805e+08,1.00104e+07
t_complex,1500158,4,4096,64,1.15565e+08,8.88866e+06
t_complex,1500158,8,4096,64,7.68566e+07,1.56028e+07
t_complex,1500158,1,8192,64,3.98699e+08,4.76284e+06
t_complex,1500158,2,8192,64,2.12736e+08,1.02021e+07
t_complex,1500158,4,8192,64,1.15257e+08,8.38878e+06
t_complex,1500158,8,8192,64,7.61656e+07,1.55797e+07
t_complex,1500158,1,16384,64,3.98147e+08,4.57386e+06
t_complex,1500158,2,16384,64,2.0941e+08,8.9506e+06
t_complex,1500158,4,16384,64,1.17527e+08,8.11835e+06
t_complex,1500158,8,16384,64,7.67958e+07,1.57584e+07
c_simple,1800190,0,0,64,6.19436e+06,43923.9
c_slow,1800190,0,0,64,4.57514e+08,4.57514e+08
t_simple,1800190,1,512,64,2.84225e+07,9.11046e+06
t_simple,1800190,2,512,64,2.96827e+07,4.0466e+06
t_simple,1800190,4,512,64,2.64843e+07,2.2082e+06
t_simple,1800190,8,512,64,2.14136e+07,3.81364e+06
t_simple,1800190,1,1024,64,2.50508e+07,5.32844e+06
t_simple,1800190,2,1024,64,2.0483e+07,2.17765e+06
t_simple,1800190,4,1024,64,2.03565e+07,2.40656e+06
t_simple,1800190,8,1024,64,1.64469e+07,3.27277e+06
t_simple,1800190,1,2048,64,2.32616e+07,2.32508e+06
t_simple,1800190,2,2048,64,1.85611e+07,1.98751e+06
t_simple,1800190,4,2048,64,1.76943e+07,2.69444e+06
t_simple,1800190,8,2048,64,1.50545e+07,3.54652e+06
t_simple,1800190,1,4096,64,2.16133e+07,2.7286e+06
t_simple,1800190,2,4096,64,1.56886e+07,1.49742e+06
t_simple,1800190,4,4096,64,1.63949e+07,2.97363e+06
t_simple,1800190,8,4096,64,1.46913e+07,3.05952e+06
t_simple,1800190,1,8192,64,2.09487e+07,1.83803e+06
t_simple,1800190,2,8192,64,1.49619e+07,752684
t_simple,1800190,4,8192,64,1.6969e+07,2.84212e+06
t_simple,1800190,8,8192,64,1.43362e+07,2.93096e+06
t_simple,1800190,1,16384,64,1.99927e+07,2.2731e+06
t_simple,1800190,2,16384,64,1.44377e+07,767433
t_simple,1800190,4,16384,64,1.56667e+07,2.00496e+06
t_simple,1800190,8,16384,64,1.36336e+07,2.5386e+06
t_complex,1800190,1,512,64,4.73751e+08,5.65478e+06
t_complex,1800190,2,512,64,2.57064e+08,7.38559e+06
t_complex,1800190,4,512,64,1.44834e+08,9.83741e+06
t_complex,1800190,8,512,64,9.35277e+07,1.08382e+07
t_complex,1800190,1,1024,64,4.72925e+08,5.73776e+06
t_complex,1800190,2,1024,64,2.55379e+08,9.71352e+06
t_complex,1800190,4,1024,64,1.45108e+08,8.88101e+06
t_complex,1800190,8,1024,64,9.00624e+07,1.36945e+07
t_complex,1800190,1,2048,64,4.71987e+08,6.81272e+06
t_complex,1800190,2,2048,64,2.56477e+08,7.85792e+06
t_complex,1800190,4,2048,64,1.43032e+08,9.03892e+06
t_complex,1800190,8,2048,64,9.1558e+07,1.58125e+07
t_complex,1800190,1,4096,64,4.7187e+08,7.02192e+06
t_complex,1800190,2,4096,64,2.51115e+08,1.04917e+07
t_complex,1800190,4,4096,64,1.38338e+08,8.68108e+06
t_complex,1800190,8,4096,64,9.09479e+07,1.74667e+07
t_complex,1800190,1,8192,64,4.71904e+08,6.90562e+06
t_complex,1800190,2,8192,64,2.5389e+08,9.38721e+06
t_complex,1800190,4,8192,64,1.3611e+08,7.84642e+06
t_complex,1800190,8,8192,64,9.19276e+07,1.76246e+07
t_complex,1800190,1,16384,64,4.7093e+08,8.28147e+06
t_complex,1800190,2,16384,64,2.50327e+08,9.30941e+06
t_complex,1800190,4,16384,64,1.35775e+08,8.25746e+06
t_complex,1800190,8,16384,64,8.64942e+07,1.79223e+07
c_simple,2160228,0,0,64,7.06021e+06,28326.6
c_slow,2160228,0,0,64,5.43821e+08,5.43821e+08
t_simple,2160228,1,512,64,3.7747e+07,6.5404e+06
t_simple,2160228,2,512,64,3.56409e+07,4.25157e+06
t_simple,2160228,4,512,64,3.193e+07,3.15244e+06
t_simple,2160228,8,512,64,2.60126e+07,4.5693e+06
t_simple,2160228,1,1024,64,3.19234e+07,3.69422e+06
t_simple,2160228,2,1024,64,2.52612e+07,2.36593e+06
t_simple,2160228,4,1024,64,2.4404e+07,2.17751e+06
t_simple,2160228,8,1024,64,2.09592e+07,3.67116e+06
t_simple,2160228,1,2048,64,2.75471e+07,2.24815e+06
t_simple,2160228,2,2048,64,2.16943e+07,2.08463e+06
t_simple,2160228,4,2048,64,2.22633e+07,3.1495e+06
t_simple,2160228,8,2048,64,1.83698e+07,4.45142e+06
t_simple,2160228,1,4096,64,2.47731e+07,2.95676e+06
t_simple,2160228,2,4096,64,1.86784e+07,1.00269e+06
t_simple,2160228,4,4096,64,2.01995e+07,2.84583e+06
t_simple,2160228,8,4096,64,1.75878e+07,3.01117e+06
t_simple,2160228,1,8192,64,2.55786e+07,1.717e+06
t_simple,2160228,2,8192,64,1.84833e+07,1.89794e+06
t_simple,2160228,4,8192,64,1.91981e+07,2.9236e+06
t_simple,2160228,8,8192,64,1.62377e+07,4.12002e+06
t_simple,2160228,1,16384,64,2.4287e+07,2.92437e+06
t_simple,2160228,2,16384,64,1.77174e+07,1.54926e+06
t_simple,2160228,4,16384,64,2.04801e+07,3.71446e+06
t_simple,2160228,8,16384,64,1.60684e+07,3.18516e+06
t_complex,2160228,1,512,64,5.62344e+08,5.92277e+06
t_complex,2160228,2,512,64,3.01414e+08,9.95385e+06
t_complex,2160228,4,512,64,1.69207e+08,1.0044e+07
t_complex,2160228,8,512,64,1.06126e+08,1.26741e+07
t_complex,2160228,1,1024,64,5.64787e+08,3.99974e+06
t_complex,2160228,2,1024,64,2.9975e+08,1.00295e+07
t_complex,2160228,4,1024,64,1.68269e+08,6.97986e+06
t_complex,2160228,8,1024,64,1.02375e+08,1.43922e+07
t_complex,2160228,1,2048,64,5.60996e+08,7.65032e+06
t_complex,2160228,2,2048,64,3.01937e+08,7.79971e+06
t_complex,2160228,4,2048,64,1.64533e+08,9.68331e+06
t_complex,2160228,8,2048,64,1.03897e+08,1.59715e+07
t_complex,2160228,1,4096,64,5.61929e+08,5.92875e+06
t_complex,2160228,2,4096,64,2.96463e+08,1.03802e+07
t_complex,2160228,4,4096,64,1.63561e+08,1.08333e+07
t_complex,2160228,8,4096,64,1.0305e+08,1.82687e+07
t_complex,2160228,1,8192,64,5.63093e+08,8.55769e+06
t_complex,2160228,2,8192,64,2.95016e+08,1.0513e+07
t_complex,2160228,4,8192,64,1.59088e+08,8.12168e+06
t_complex,2160228,8,8192,64,1.05853e+08,2.08568e+07
t_complex,2160228,1,16384,64,5.61086e+08,6.70231e+06
t_complex,2160228,2,16384,64,2.9531e+08,9.52959e+06
t_complex,2160228,4,16384,64,1.59352e+08,7.81291e+06
t_complex,2160228,8,16384,64,1.00003e+08,1.84096e+07
c_simple,2592274,0,0,64,8.68791e+06,82463.3
c_slow,2592274,0,0,64,6.51364e+08,6.51364e+08
t_simple,2592274,1,512,64,4.60095e+07,8.72599e+06
t_simple,2592274,2,512,64,4.15344e+07,6.7205e+06
t_simple,2592274,4,512,64,3.78344e+07,3.36697e+06
t_simple,2592274,8,512,64,3.10788e+07,5.71901e+06
t_simple,2592274,1,1024,64,3.76833e+07,5.92556e+06
t_simple,2592274,2,1024,64,2.95295e+07,3.16553e+06
t_simple,2592274,4,1024,64,2.79982e+07,2.00699e+06
t_simple,2592274,8,1024,64,2.43982e+07,4.33579e+06
t_simple,2592274,1,2048,64,3.37498e+07,4.40767e+06
t_simple,2592274,2,2048,64,2.5767e+07,2.85798e+06
t_simple,2592274,4,2048,64,2.63938e+07,3.71408e+06
t_simple,2592274,8,2048,64,2.19348e+07,4.45029e+06
t_simple,2592274,1,4096,64,3.15169e+07,3.52015e+06
t_simple,2592274,2,4096,64,2.26117e+07,3.24929e+06
t_simple,2592274,4,4096,64,2.41499e+07,3.37202e+06
t_simple,2592274,8,4096,64,2.017e+07,4.24664e+06
t_simple,2592274,1,8192,64,3.00186e+07,2.5794e+06
t_simple,2592274,2,8192,64,2.16661e+07,2.59763e+06
t_simple,2592274,4,8192,64,2.20787e+07,2.57363e+06
t_simple,2592274,8,8192,64,2.04968e+07,3.48654e+06
t_simple,2592274,1,16384,64,2.92918e+07,3.29893e+06
t_simple,2592274,2,16384,64,2.0917e+07,1.84685e+06
t_simple,2592274,4,16384,64,2.32391e+07,3.74896e+06
t_simple,2592274,8,16384,64,1.9738e+07,3.86055e+06
t_complex,2592274,1,512,64,6.70733e+08,3.34641e+06
t_complex,2592274,2,512,64,3.57316e+08,7.81354e+06
t_complex,2592274,4,512,64,1.97549e+08,8.33312e+06
t_complex,2592274,8,512,64,1.21765e+08,1.44955e+07
t_complex,2592274,1,1024,64,6.72035e+08,5.88679e+06
t_complex,2592274,2,1024,64,3.57782e+08,7.15404e+06
t_complex,2592274,4,1024,64,1.93858e+08,9.02131e+06
t_complex,2592274,8,1024,64,1.20752e+08,1.51917e+07
t_complex,2592274,1,2048,64,6.71991e+08,6.57415e+06
t_complex,2592274,2,2048,64,3.56142e+08,8.33574e+06
t_complex,2592274,4,2048,64,1.92742e+08,9.61655e+06
t_complex,2592274,8,2048,64,1.26066e+08,1.74874e+07
t_complex,2592274,1,4096,64,6.69539e+08,6.53479e+06
t_complex,2592274,2,4096,64,3.55008e+08,8.89983e+06
t_complex,2592274,4,4096,64,1.89447e+08,1.1721e+07
t_complex,2592274,8,4096,64,1.22698e+08,1.95524e+07
t_complex,2592274,1,8192,64,6.69174e+08,6.62442e+06
t_complex,2592274,2,8192,64,3.49692e+08,9.93989e+06
t_complex,2592274,4,8192,64,1.89373e+08,8.83094e+06
t_complex,2592274,8,8192,64,1.23494e+08,2.10064e+07
t_complex,2592274,1,16384,64,6.71385e+08,3.85014e+06
t_complex,2592274,2,16384,64,3.48274e+08,9.28968e+06
t_complex,2592274,4,16384,64,1.86367e+08,9.58942e+06
t_complex,2592274,8,16384,64,1.17079e+08,1.97997e+07
c_simple,3110728,0,0,64,1.01745e+07,48735.3
c_slow,3110728,0,0,64,7.86542e+08,7.86542e+08
t_simple,3110728,1,512,64,5.3347e+07,1.06336e+07
t_simple,3110728,2,512,64,4.9594e+07,5.30765e+06
t_simple,3110728,4,512,64,4.48983e+07,3.66542e+06
t_simple,3110728,8,512,64,3.80373e+07,6.43575e+06
t_simple,3110728,1,1024,64,4.62916e+07,3.29286e+06
t_simple,3110728,2,1024,64,3.63402e+07,3.87661e+06
t_simple,3110728,4,1024,64,3.46753e+07,4.60495e+06
t_simple,3110728,8,1024,64,2.97328e+07,4.85843e+06
t_simple,3110728,1,2048,64,4.10641e+07,2.70012e+06
t_simple,3110728,2,2048,64,3.07536e+07,2.41387e+06
t_simple,3110728,4,2048,64,2.94022e+07,2.64797e+06
t_simple,3110728,8,2048,64,2.76415e+07,4.71297e+06
t_simple,3110728,1,4096,64,3.78127e+07,4.06068e+06
t_simple,3110728,2,4096,64,2.69762e+07,2.92782e+06
t_simple,3110728,4,4096,64,2.7579e+07,3.14708e+06
t_simple,3110728,8,4096,64,2.46095e+07,4.05873e+06
t_simple,3110728,1,8192,64,3.6386e+07,3.8533e+06
t_simple,3110728,2,8192,64,2.57879e+07,1.22277e+06
t_simple,3110728,4,8192,64,2.75641e+07,3.99715e+06
t_simple,3110728,8,8192,64,2.59278e+07,4.48711e+06
t_simple,3110728,1,16384,64,3.54787e+07,2.45242e+06
t_simple,3110728,2,16384,64,2.51595e+07,1.91467e+06
t_simple,3110728,4,16384,64,2.63264e+07,3.73533e+06
t_simple,3110728,8,16384,64,2.27748e+07,4.31379e+06
t_complex,3110728,1,512,64,7.98219e+08,5.8107e+06
t_complex,3110728,2,512,64,4.22233e+08,8.90772e+06
t_complex,3110728,4,512,64,2.31366e+08,8.694e+06
t_complex,3110728,8,512,64,1.40269e+08,1.49552e+07
t_complex,3110728,1,1024,64,8.01472e+08,4.34762e+06
t_complex,3110728,2,1024,64,4.23148e+08,7.50246e+06
t_complex,3110728,4,1024,64,2.30033e+08,9.48054e+06
t_complex,3110728,8,1024,64,1.44251e+08,1.2548e+07
t_complex,3110728,1,2048,64,8.00425e+08,5.57323e+06
t_complex,3110728,2,2048,64,4.19733e+08,9.66298e+06
t_complex,3110728,4,2048,64,2.26943e+08,9.52925e+06
t_complex,3110728,8,2048,64,1.43572e+08,1.6619e+07
t_complex,3110728,1,4096,64,7.98294e+08,6.74002e+06
t_complex,3110728,2,4096,64,4.17583e+08,9.65444e+06
t_complex,3110728,4,4096,64,2.21061e+08,1.05062e+07
t_complex,3110728,8,4096,64,1.4255e+08,1.91143e+07
t_complex,3110728,1,8192,64,7.98336e+08,5.48843e+06
t_complex,3110728,2,8192,64,4.14578e+08,1.05671e+07
t_complex,3110728,4,8192,64,2.22876e+08,8.90447e+06
t_complex,3110728,8,8192,64,1.45066e+08,2.41208e+07
t_complex,3110728,1,16384,64,7.99234e+08,8.18051e+06
t_complex,3110728,2,16384,64,4.14222e+08,1.12918e+07
t_complex,3110728,4,16384,64,2.18136e+08,1.00454e+07
t_complex,3110728,8,16384,64,1.3837e+08,2.15674e+07
c_simple,3732874,0,0,64,1.219e+07,60639.6
c_slow,3732874,0,0,64,9.42026e+08,9.42026e+08
t_simple,3732874,1,512,64,6.1418e+07,1.52796e+07
t_simple,3732874,2,512,64,6.06642e+07,6.23414e+06
t_simple,3732874,4,512,64,5.46928e+07,5.52066e+06
t_simple,3732874,8,512,64,4.59769e+07,8.14915e+06
t_simple,3732874,1,1024,64,5.39361e+07,8.87351e+06
t_simple,3732874,2,1024,64,4.36401e+07,2.73136e+06
t_simple,3732874,4,1024,64,4.23102e+07,5.22042e+06
t_simple,3732874,8,1024,64,3.54583e+07,6.41458e+06
t_simple,3732874,1,2048,64,4.93666e+07,3.58666e+06
t_simple,3732874,2,2048,64,3.69799e+07,2.37405e+06
t_simple,3732874,4,2048,64,3.60115e+07,4.07512e+06
t_simple,3732874,8,2048,64,3.35046e+07,5.74473e+06
t_simple,3732874,1,4096,64,4.60508e+07,3.19305e+06
t_simple,3732874,2,4096,64,3.25059e+07,1.66655e+06
t_simple,3732874,4,4096,64,3.58729e+07,6.11462e+06
t_simple,3732874,8,4096,64,3.05425e+07,5.5185e+06
t_simple,3732874,1,8192,64,4.4267e+07,2.92552e+06
t_simple,3732874,2,8192,64,3.09617e+07,1.72229e+06
t_simple,3732874,4,8192,64,3.24464e+07,3.95297e+06
t_simple,3732874,8,8192,64,2.96907e+07,5.48123e+06
t_simple,3732874,1,16384,64,4.27621e+07,4.66369e+06
t_simple,3732874,2,16384,64,3.06499e+07,3.09711e+06
t_simple,3732874,4,16384,64,3.10248e+07,4.01937e+06
t_simple,3732874,8,16384,64,2.94377e+07,4.53593e+06
t_complex,3732874,1,512,64,9.544e+08,5.15998e+06
t_complex,3732874,2,512,64,5.01863e+08,6.8979e+06
t_complex,3732874,4,512,64,2.6751e+08,1.11422e+07
t_complex,3732874,8,512,64,1.62402e+08,1.63891e+07
t_complex,3732874,1,1024,64,9.53634e+08,5.92924e+06
t_complex,3732874,2,1024,64,4.99927e+08,8.33716e+06
t_complex,3732874,4,1024,64,2.68368e+08,9.72283e+06
t_complex,3732874,8,1024,64,1.60449e+08,1.63574e+07
t_complex,3732874,1,2048,64,9.53966e+08,5.40764e+06
t_complex,3732874,2,2048,64,4.99095e+08,7.76456e+06
t_complex,3732874,4,2048,64,2.67415e+08,1.00619e+07
t_complex,3732874,8,2048,64,1.64407e+08,1.87097e+07
t_complex,3732874,1,4096,64,9.55445e+08,5.29753e+06
t_complex,3732874,2,4096,64,4.93617e+08,1.0152e+07
t_complex,3732874,4,4096,64,2.60269e+08,1.08979e+07
t_complex,3732874,8,4096,64,1.6407e+08,2.27237e+07
t_complex,3732874,1,8192,64,9.54548e+08,6.56862e+06
t_complex,3732874,2,8192,64,4.93734e+08,1.00347e+07
t_complex,3732874,4,8192,64,2.58578e+08,1.04959e+07
t_complex,3732874,8,8192,64,1.70114e+08,2.51324e+07
t_complex,3732874,1,16384,64,9.53917e+08,6.14586e+06
t_complex,3732874,2,16384,64,4.93769e+08,9.66056e+06
t_complex,3732874,4,16384,64,2.61327e+08,9.44345e+06
t_complex,3732874,8,16384,64,1.57057e+08,2.41283e+07
c_simple,4479449,0,0,64,1.46276e+07,205313
c_slow,4479449,0,0,64,1.13139e+09,1.13139e+09
t_simple,4479449,1,512,64,6.4994e+07,2.04052e+07
t_simple,4479449,2,512,64,6.83604e+07,1.01213e+07
t_simple,4479449,4,512,64,6.33339e+07,4.3654e+06
t_simple,4479449,8,512,64,5.41898e+07,7.44698e+06
t_simple,4479449,1,1024,64,5.90064e+07,1.56996e+07
t_simple,4479449,2,1024,64,5.30608e+07,4.97207e+06
t_simple,4479449,4,1024,64,4.84432e+07,5.28963e+06
t_simple,4479449,8,1024,64,4.18451e+07,8.21948e+06
t_simple,4479449,1,2048,64,5.90247e+07,3.76275e+06
t_simple,4479449,2,2048,64,4.44365e+07,3.53882e+06
t_simple,4479449,4,2048,64,4.44144e+07,3.87201e+06
t_simple,4479449,8,2048,64,3.92585e+07,7.59931e+06
t_simple,4479449,1,4096,64,5.53186e+07,3.58791e+06
t_simple,4479449,2,4096,64,3.91759e+07,3.64835e+06
t_simple,4479449,4,4096,64,4.0128e+07,4.53326e+06
t_simple,4479449,8,4096,64,3.72171e+07,6.14465e+06
t_simple,4479449,1,8192,64,5.23702e+07,4.07595e+06
t_simple,4479449,2,8192,64,3.65089e+07,2.31674e+06
t_simple,4479449,4,8192,64,3.92782e+07,4.9096e+06
t_simple,4479449,8,8192,64,3.44983e+07,6.57971e+06
t_simple,4479449,1,16384,64,5.12397e+07,3.92803e+06
t_simple,4479449,2,16384,64,3.60389e+07,1.8152e+06
t_simple,4479449,4,16384,64,3.83325e+07,4.83073e+06
t_simple,4479449,8,16384,64,3.61855e+07,6.70222e+06
t_complex,4479449,1,512,64,1.14071e+09,5.80724e+06
t_complex,4479449,2,512,64,5.91223e+08,1.13111e+07
t_complex,4479449,4,512,64,3.15077e+08,1.05516e+07
t_complex,4479449,8,512,64,1.8811e+08,1.47696e+07
t_complex,4479449,1,1024,64,1.14217e+09,8.47054e+06
t_complex,4479449,2,1024,64,5.9012e+08,1.11246e+07
t_complex,4479449,4,1024,64,3.10901e+08,1.15276e+07
t_complex,4479449,8,1024,64,1.86457e+08,1.54396e+07
t_complex,4479449,1,2048,64,1.14109e+09,8.56695e+06
t_complex,4479449,2,2048,64,5.85571e+08,1.11827e+07
t_complex,4479449,4,2048,64,3.1022e+08,1.00004e+07
t_complex,4479449,8,2048,64,1.9005e+08,1.78761e+07
t_complex,4479449,1,4096,64,1.1442e+09,6.41549e+06
t_complex,4479449,2,4096,64,5.87907e+08,1.06982e+07
t_complex,4479449,4,4096,64,3.06719e+08,8.95068e+06
t_complex,4479449,8,4096,64,1.92177e+08,2.01393e+07
t_complex,4479449,1,8192,64,1.14378e+09,8.81025e+06
t_complex,4479449,2,8192,64,5.88106e+08,1.04175e+07
t_complex,4479449,4,8192,64,3.09941e+08,1.03732e+07
t_complex,4479449,8,8192,64,1.94209e+08,2.70101e+07
t_complex,4479449,1,16384,64,1.1414e+09,7.92049e+06
t_complex,4479449,2,16384,64,5.85047e+08,1.05107e+07
t_complex,4479449,4,16384,64,3.07411e+08,7.93998e+06
t_complex,4479449,8,16384,64,1.86668e+08,2.20032e+07
c_simple,5375339,0,0,64,1.82964e+07,188320
c_slow,5375339,0,0,64,1.36509e+09,1.36509e+09
t_simple,5375339,1,512,64,8.34223e+07,2.05216e+07
t_simple,5375339,2,512,64,7.96071e+07,1.0272e+07
t_simple,5375339,4,512,64,7.49159e+07,6.96004e+06
t_simple,5375339,8,512,64,6.22026e+07,9.88714e+06
t_simple,5375339,1,1024,64,7.14875e+07,1.58307e+07
t_simple,5375339,2,1024,64,5.84876e+07,5.26913e+06
t_simple,5375339,4,1024,64,5.86124e+07,5.73695e+06
t_simple,5375339,8,1024,64,4.80156e+07,9.47895e+06
t_simple,5375339,1,2048,64,6.77902e+07,5.42851e+06
t_simple,5375339,2,2048,64,5.3114e+07,4.88918e+06
t_simple,5375339,4,2048,64,5.12611e+07,3.81738e+06
t_simple,5375339,8,2048,64,4.74408e+07,8.75371e+06
t_simple,5375339,1,4096,64,6.27287e+07,4.65181e+06
t_simple,5375339,2,4096,64,4.6151e+07,3.63665e+06
t_simple,5375339,4,4096,64,4.67764e+07,5.30058e+06
t_simple,5375339,8,4096,64,4.69176e+07,8.52268e+06
t_simple,5375339,1,8192,64,6.15018e+07,6.85255e+06
t_simple,5375339,2,8192,64,4.41495e+07,3.19626e+06
t_simple,5375339,4,8192,64,4.49295e+07,3.51573e+06
t_simple,5375339,8,8192,64,4.37442e+07,8.99914e+06
t_simple,5375339,1,16384,64,5.89305e+07,6.64823e+06
t_simple,5375339,2,16384,64,4.33022e+07,4.31571e+06
t_simple,5375339,4,16384,64,4.48132e+07,4.68782e+06
t_simple,5375339,8,16384,64,4.42472e+07,8.74429e+06
t_complex,5375339,1,512,64,1.36019e+09,9.43468e+06
t_complex,5375339,2,512,64,6.98178e+08,1.2534e+07
t_complex,5375339,4,512,64,3.67293e+08,1.16917e+07
t_complex,5375339,8,512,64,2.11617e+08,2.08598e+07
t_complex,5375339,1,1024,64,1.36448e+09,7.78689e+06
t_complex,5375339,2,1024,64,6.93653e+08,1.13203e+07
t_complex,5375339,4,1024,64,3.66515e+08,1.10863e+07
t_complex,5375339,8,1024,64,2.05246e+08,1.91766e+07
t_complex,5375339,1,2048,64,1.36585e+09,9.95452e+06
t_complex,5375339,2,2048,64,6.95637e+08,1.05694e+07
t_complex,5375339,4,2048,64,3.62249e+08,9.0272e+06
t_complex,5375339,8,2048,64,2.06581e+08,2.35918e+07
t_complex,5375339,1,4096,64,1.36405e+09,7.55845e+06
t_complex,5375339,2,4096,64,7.00663e+08,9.89686e+06
t_complex,5375339,4,4096,64,3.68789e+08,9.64874e+06
t_complex,5375339,8,4096,64,2.13852e+08,2.36472e+07
t_complex,5375339,1,8192,64,1.36458e+09,6.67406e+06
t_complex,5375339,2,8192,64,7.00316e+08,1.06671e+07
t_complex,5375339,4,8192,64,3.71173e+08,1.02816e+07
t_complex,5375339,8,8192,64,2.26756e+08,2.67542e+07
t_complex,5375339,1,16384,64,1.36634e+09,9.17936e+06
t_complex,5375339,2,16384,64,6.98617e+08,1.28332e+07
t_complex,5375339,4,16384,64,3.63675e+08,8.47251e+06
t_complex,5375339,8,16384,64,2.17559e+08,2.92241e+07
c_simple,6450407,0,0,64,2.12331e+07,184771
c_slow,6450407,0,0,64,1.63694e+09,1.63694e+09
t_simple,6450407,1,512,64,9.78512e+07,2.58447e+07
t_simple,6450407,2,512,64,9.4041e+07,6.75456e+06
t_simple,6450407,4,512,64,8.64538e+07,6.61731e+06
t_simple,6450407,8,512,64,7.36114e+07,1.13055e+07
t_simple,6450407,1,1024,64,8.73192e+07,1.56676e+07
t_simple,6450407,2,1024,64,7.03726e+07,7.43813e+06
t_simple,6450407,4,1024,64,7.00219e+07,8.06455e+06
t_simple,6450407,8,1024,64,6.10858e+07,1.18373e+07
t_simple,6450407,1,2048,64,7.78821e+07,9.01136e+06
t_simple,6450407,2,2048,64,6.23754e+07,7.3064e+06
t_simple,6450407,4,2048,64,6.02081e+07,7.30871e+06
t_simple,6450407,8,2048,64,5.6786e+07,1.1274e+07
t_simple,6450407,1,4096,64,7.43251e+07,5.92589e+06
t_simple,6450407,2,4096,64,5.49102e+07,5.53654e+06
t_simple,6450407,4,4096,64,5.70117e+07,6.55978e+06
t_simple,6450407,8,4096,64,5.45144e+07,9.3645e+06
t_simple,6450407,1,8192,64,7.1411e+07,6.15787e+06
t_simple,6450407,2,8192,64,5.39621e+07,6.37844e+06
t_simple,6450407,4,8192,64,5.46233e+07,5.3694e+06
t_simple,6450407,8,8192,64,5.25428e+07,8.79044e+06
t_simple,6450407,1,16384,64,6.89023e+07,5.68771e+06
t_simple,6450407,2,16384,64,5.0873e+07,4.45269e+06
t_simple,6450407,4,16384,64,5.10404e+07,6.08364e+06
t_simple,6450407,8,16384,64,5.29115e+07,1.02705e+07
t_complex,6450407,1,512,64,1.62508e+09,1.16854e+07
t_complex,6450407,2,512,64,8.25277e+08,7.49569e+06
t_complex,6450407,4,512,64,4.30885e+08,4.08973e+06
t_complex,6450407,8,512,64,2.30042e+08,1.36322e+07
t_complex,6450407,1,1024,64,1.62844e+09,1.22059e+07
t_complex,6450407,2,1024,64,8.27339e+08,7.2921e+06
t_complex,6450407,4,1024,64,4.32246e+08,4.69509e+06
t_complex,6450407,8,1024,64,2.25094e+08,8.70392e+06
t_complex,6450407,1,2048,64,1.62413e+09,1.39334e+07
t_complex,6450407,2,2048,64,8.25912e+08,8.56519e+06
t_complex,6450407,4,2048,64,4.27277e+08,5.31269e+06
t_complex,6450407,8,2048,64,2.23462e+08,8.21919e+06
t_complex,6450407,1,4096,64,1.63374e+09,1.04797e+07
t_complex,6450407,2,4096,64,8.28143e+08,8.36605e+06
t_complex,6450407,4,4096,64,4.33235e+08,7.73793e+06
t_complex,6450407,8,4096,64,2.44688e+08,2.24499e+07
t_complex,6450407,1,8192,64,1.63123e+09,1.20988e+07
t_complex,6450407,2,8192,64,8.35395e+08,9.46271e+06
t_complex,6450407,4,8192,64,4.32958e+08,7.99417e+06
t_complex,6450407,8,8192,64,2.53401e+08,2.57308e+07
t_complex,6450407,1,16384,64,1.63243e+09,7.82505e+06
t_complex,6450407,2,16384,64,8.33544e+08,9.87683e+06
t_complex,6450407,4,16384,64,4.34878e+08,7.56129e+06
t_complex,6450407,8,16384,64,2.4772e+08,2.64475e+07
c_simple,7740489,0,0,64,2.56853e+07,665032
c_slow,7740489,0,0,64,1.95158e+09,1.95158e+09
t_simple,7740489,1,512,64,1.20421e+08,2.52698e+07
t_simple,7740489,2,512,64,1.12928e+08,1.59056e+07
t_simple,7740489,4,512,64,1.03224e+08,1.09038e+07
t_simple,7740489,8,512,64,8.72088e+07,1.00369e+07
t_simple,7740489,1,1024,64,1.01095e+08,1.8378e+07
t_simple,7740489,2,1024,64,8.2264e+07,1.05532e+07
t_simple,7740489,4,1024,64,7.6739e+07,9.44509e+06
t_simple,7740489,8,1024,64,6.90933e+07,1.35464e+07
t_simple,7740489,1,2048,64,9.42734e+07,7.51553e+06
t_simple,7740489,2,2048,64,6.94169e+07,8.0573e+06
t_simple,7740489,4,2048,64,7.05441e+07,7.78018e+06
t_simple,7740489,8,2048,64,6.40941e+07,1.30241e+07
t_simple,7740489,1,4096,64,8.64854e+07,9.87603e+06
t_simple,7740489,2,4096,64,6.48686e+07,4.33223e+06
t_simple,7740489,4,4096,64,6.63423e+07,1.06666e+07
t_simple,7740489,8,4096,64,6.4036e+07,1.26179e+07
t_simple,7740489,1,8192,64,8.54619e+07,6.56348e+06
t_simple,7740489,2,8192,64,6.16737e+07,3.9672e+06
t_simple,7740489,4,8192,64,6.35213e+07,8.52992e+06
t_simple,7740489,8,8192,64,5.93907e+07,1.03901e+07
t_simple,7740489,1,16384,64,8.43242e+07,5.93169e+06
t_simple,7740489,2,16384,64,6.03259e+07,3.09521e+06
t_simple,7740489,4,16384,64,6.15447e+07,7.38761e+06
t_simple,7740489,8,16384,64,6.25581e+07,1.11343e+07
t_complex,7740489,1,512,64,1.94596e+09,1.2094e+07
t_complex,7740489,2,512,64,9.92951e+08,7.06898e+06
t_complex,7740489,4,512,64,5.16113e+08,4.8727e+06
t_complex,7740489,8,512,64,2.69609e+08,6.09568e+06
t_complex,7740489,1,1024,64,1.95185e+09,1.13303e+07
t_complex,7740489,2,1024,64,9.88474e+08,7.86442e+06
t_complex,7740489,4,1024,64,5.1462e+08,4.12444e+06
t_complex,7740489,8,1024,64,2.69007e+08,8.38866e+06
t_complex,7740489,1,2048,64,1.95293e+09,1.17249e+07
t_complex,7740489,2,2048,64,9.87415e+08,8.19683e+06
t_complex,7740489,4,2048,64,5.14795e+08,4.04541e+06
t_complex,7740489,8,2048,64,2.70113e+08,5.02713e+06
t_complex,7740489,1,4096,64,1.95539e+09,1.08548e+07
t_complex,7740489,2,4096,64,9.882e+08,8.7379e+06
t_complex,7740489,4,4096,64,5.13663e+08,8.95172e+06
t_complex,7740489,8,4096,64,2.8055e+08,2.13245e+07
t_complex,7740489,1,8192,64,1.95678e+09,1.41391e+07
t_complex,7740489,2,8192,64,9.91357e+08,1.12215e+07
t_complex,7740489,4,8192,64,5.15988e+08,7.23751e+06
t_complex,7740489,8,8192,64,2.83503e+08,2.59115e+07
t_complex,7740489,1,16384,64,1.96257e+09,9.43116e+06
t_complex,7740489,2,16384,64,9.98098e+08,1.15444e+07
t_complex,7740489,4,16384,64,5.17514e+08,9.11235e+06
t_complex,7740489,8,16384,64,2.96748e+08,2.6287e+07
c_simple,9288586,0,0,64,3.15814e+07,133179
c_slow,9288586,0,0,64,2.33415e+09,2.33415e+09
t_simple,9288586,1,512,64,1.42456e+08,2.88903e+07
t_simple,9288586,2,512,64,1.32534e+08,1.19801e+07
t_simple,9288586,4,512,64,1.24407e+08,1.14121e+07
t_simple,9288586,8,512,64,1.05065e+08,1.31004e+07
t_simple,9288586,1,1024,64,1.24283e+08,1.8051e+07
t_simple,9288586,2,1024,64,9.44113e+07,1.13292e+07
t_simple,9288586,4,1024,64,8.92582e+07,1.21381e+07
t_simple,9288586,8,1024,64,8.1756e+07,1.63723e+07
t_simple,9288586,1,2048,64,1.11263e+08,1.16193e+07
t_simple,9288586,2,2048,64,8.15127e+07,8.3736e+06
t_simple,9288586,4,2048,64,8.05426e+07,9.21838e+06
t_simple,9288586,8,2048,64,7.95697e+07,1.41905e+07
t_simple,9288586,1,4096,64,1.0475e+08,7.63288e+06
t_simple,9288586,2,4096,64,7.64384e+07,7.61712e+06
t_simple,9288586,4,4096,64,7.72652e+07,1.21895e+07
t_simple,9288586,8,4096,64,7.79057e+07,1.27498e+07
t_simple,9288586,1,8192,64,1.01773e+08,7.74598e+06
t_simple,9288586,2,8192,64,7.15628e+07,7.20943e+06
t_simple,9288586,4,8192,64,7.51023e+07,8.58299e+06
t_simple,9288586,8,8192,64,7.24108e+07,1.31899e+07
t_simple,9288586,1,16384,64,9.71423e+07,7.6528e+06
t_simple,9288586,2,16384,64,6.98719e+07,8.42182e+06
t_simple,9288586,4,16384,64,7.22802e+07,9.97222e+06
t_simple,9288586,8,16384,64,7.22619e+07,1.37021e+07
t_complex,9288586,1,512,64,2.32931e+09,1.39307e+07
t_complex,9288586,2,512,64,1.18652e+09,8.07392e+06
t_complex,9288586,4,512,64,6.12544e+08,4.59555e+06
t_complex,9288586,8,512,64,3.20486e+08,7.89022e+06
t_complex,9288586,1,1024,64,2.34035e+09,1.15173e+07
t_complex,9288586,2,1024,64,1.18464e+09,7.98856e+06
t_complex,9288586,4,1024,64,6.11622e+08,4.61592e+06
t_complex,9288586,8,1024,64,3.19633e+08,4.01987e+06
t_complex,9288586,1,2048,64,2.33428e+09,1.48764e+07
t_complex,9288586,2,2048,64,1.17841e+09,8.49512e+06
t_complex,9288586,4,2048,64,6.09056e+08,3.99896e+06
t_complex,9288586,8,2048,64,3.20772e+08,6.58577e+06
t_complex,9288586,1,4096,64,2.34046e+09,1.19369e+07
t_complex,9288586,2,4096,64,1.18618e+09,1.07269e+07
t_complex,9288586,4,4096,64,6.13396e+08,8.42601e+06
t_complex,9288586,8,4096,64,3.25312e+08,1.36489e+07
t_complex,9288586,1,8192,64,2.34246e+09,1.24555e+07
t_complex,9288586,2,8192,64,1.18944e+09,9.77402e+06
t_complex,9288586,4,8192,64,6.14574e+08,6.32589e+06
t_complex,9288586,8,8192,64,3.38474e+08,2.59059e+07
t_complex,9288586,1,16384,64,2.34593e+09,1.3049e+07
t_complex,9288586,2,16384,64,1.18869e+09,9.5423e+06
t_complex,9288586,4,16384,64,6.16886e+08,8.25619e+06
t_complex,9288586,8,16384,64,3.42829e+08,2.43785e+07
c_simple,11146304,0,0,64,3.67036e+07,187457
c_slow,11146304,0,0,64,2.81381e+09,2.81381e+09
t_simple,11146304,1,512,64,1.772e+08,2.56103e+07
t_simple,11146304,2,512,64,1.57312e+08,1.78537e+07
t_simple,11146304,4,512,64,1.44699e+08,8.79297e+06
t_simple,11146304,8,512,64,1.20372e+08,1.94792e+07
t_simple,11146304,1,1024,64,1.50202e+08,1.97382e+07
t_simple,11146304,2,1024,64,1.15637e+08,1.15263e+07
t_simple,11146304,4,1024,64,1.1125e+08,1.07908e+07
t_simple,11146304,8,1024,64,1.01667e+08,1.57118e+07
t_simple,11146304,1,2048,64,1.31012e+08,1.08724e+07
t_simple,11146304,2,2048,64,9.42448e+07,9.64592e+06
t_simple,11146304,4,2048,64,9.58941e+07,6.91942e+06
t_simple,11146304,8,2048,64,9.44831e+07,1.58616e+07
t_simple,11146304,1,4096,64,1.24144e+08,9.62665e+06
t_simple,11146304,2,4096,64,8.51873e+07,8.8835e+06
t_simple,11146304,4,4096,64,8.70874e+07,9.96002e+06
t_simple,11146304,8,4096,64,8.60872e+07,1.60314e+07
t_simple,11146304,1,8192,64,1.18813e+08,8.69009e+06
t_simple,11146304,2,8192,64,8.32577e+07,8.85796e+06
t_simple,11146304,4,8192,64,8.77604e+07,6.85373e+06
t_simple,11146304,8,8192,64,9.13394e+07,1.47283e+07
t_simple,11146304,1,16384,64,1.15321e+08,8.28905e+06
t_simple,11146304,2,16384,64,8.15298e+07,6.66421e+06
t_simple,11146304,4,16384,64,8.22706e+07,9.92422e+06
t_simple,11146304,8,16384,64,8.69018e+07,1.7331e+07
t_complex,11146304,1,512,64,2.79739e+09,1.30376e+07
t_complex,11146304,2,512,64,1.41186e+09,8.65342e+06
t_complex,11146304,4,512,64,7.31479e+08,4.5257e+06
t_complex,11146304,8,512,64,3.84134e+08,7.45678e+06
t_complex,11146304,1,1024,64,2.803e+09,1.49971e+07
t_complex,11146304,2,1024,64,1.41392e+09,7.76842e+06
t_complex,11146304,4,1024,64,7.27653e+08,3.84953e+06
t_complex,11146304,8,1024,64,3.83799e+08,6.98307e+06
t_complex,11146304,1,2048,64,2.80287e+09,1.65923e+07
t_complex,11146304,2,2048,64,1.41116e+09,9.35441e+06
t_complex,11146304,4,2048,64,7.30927e+08,4.5661e+06
t_complex,11146304,8,2048,64,3.79269e+08,5.44874e+06
t_complex,11146304,1,4096,64,2.79672e+09,1.25091e+07
t_complex,11146304,2,4096,64,1.41154e+09,7.29642e+06
t_complex,11146304,4,4096,64,7.29007e+08,6.23812e+06
t_complex,11146304,8,4096,64,3.83389e+08,1.10684e+07
t_complex,11146304,1,8192,64,2.80841e+09,1.49973e+07
t_complex,11146304,2,8192,64,1.4239e+09,1.03647e+07
t_complex,11146304,4,8192,64,7.32951e+08,1.05066e+07
t_complex,11146304,8,8192,64,3.91313e+08,1.87458e+07
t_complex,11146304,1,16384,64,2.81059e+09,1.4919e+07
t_complex,11146304,2,16384,64,1.42498e+09,1.07371e+07
t_complex,11146304,4,16384,64,7.33456e+08,8.59596e+06
t_complex,11146304,8,16384,64,4.0386e+08,2.5301e+07

c_simple,13375565,0,0,128,4.36046e+07,736661
t_simple,13375565,1,512,128,2.11598e+08,3.61541e+07
t_simple,13375565,2,512,128,1.85495e+08,2.41531e+07
t_simple,13375565,4,512,128,1.73913e+08,1.74447e+07
t_simple,13375565,8,512,128,1.43212e+08,2.01286e+07
t_simple,13375565,1,1024,128,1.80702e+08,2.14303e+07
t_simple,13375565,2,1024,128,1.35503e+08,1.73752e+07
t_simple,13375565,4,1024,128,1.26302e+08,1.76823e+07
t_simple,13375565,8,1024,128,1.10022e+08,1.81029e+07
t_simple,13375565,1,2048,128,1.58197e+08,1.55814e+07
t_simple,13375565,2,2048,128,1.12794e+08,1.39184e+07
t_simple,13375565,4,2048,128,1.11156e+08,1.31657e+07
t_simple,13375565,8,2048,128,1.11546e+08,1.85705e+07
t_simple,13375565,1,4096,128,1.48648e+08,1.06415e+07
t_simple,13375565,2,4096,128,1.0365e+08,1.17181e+07
t_simple,13375565,4,4096,128,1.02542e+08,1.38992e+07
t_simple,13375565,8,4096,128,1.06681e+08,1.84158e+07
t_simple,13375565,1,8192,128,1.42648e+08,1.05254e+07
t_simple,13375565,2,8192,128,9.86918e+07,9.43811e+06
t_simple,13375565,4,8192,128,9.90317e+07,1.26315e+07
t_simple,13375565,8,8192,128,1.01831e+08,1.63501e+07
t_simple,13375565,1,16384,128,1.38451e+08,1.11102e+07
t_simple,13375565,2,16384,128,9.57604e+07,1.0644e+07
t_simple,13375565,4,16384,128,9.5824e+07,1.21795e+07
t_simple,13375565,8,16384,128,1.04432e+08,1.63957e+07
c_simple,16050678,0,0,128,5.25016e+07,273378
t_simple,16050678,1,512,128,2.42191e+08,5.5469e+07
t_simple,16050678,2,512,128,2.23282e+08,2.91363e+07
t_simple,16050678,4,512,128,2.01888e+08,2.45298e+07
t_simple,16050678,8,512,128,1.70256e+08,2.73747e+07
t_simple,16050678,1,1024,128,2.12958e+08,2.92715e+07
t_simple,16050678,2,1024,128,1.56903e+08,1.66869e+07
t_simple,16050678,4,1024,128,1.50056e+08,1.83119e+07
t_simple,16050678,8,1024,128,1.32434e+08,2.66696e+07
t_simple,16050678,1,2048,128,1.87997e+08,1.85733e+07
t_simple,16050678,2,2048,128,1.31484e+08,1.84945e+07
t_simple,16050678,4,2048,128,1.26549e+08,1.21692e+07
t_simple,16050678,8,2048,128,1.23683e+08,2.16977e+07
t_simple,16050678,1,4096,128,1.77744e+08,1.32984e+07
t_simple,16050678,2,4096,128,1.20675e+08,1.45993e+07
t_simple,16050678,4,4096,128,1.2066e+08,1.59933e+07
t_simple,16050678,8,4096,128,1.20712e+08,2.12927e+07
t_simple,16050678,1,8192,128,1.69467e+08,1.35459e+07
t_simple,16050678,2,8192,128,1.21026e+08,1.6616e+07
t_simple,16050678,4,8192,128,1.14059e+08,1.36048e+07
t_simple,16050678,8,8192,128,1.18326e+08,1.82826e+07
t_simple,16050678,1,16384,128,1.65817e+08,1.34519e+07
t_simple,16050678,2,16384,128,1.09635e+08,1.46752e+07
t_simple,16050678,4,16384,128,1.11282e+08,1.64008e+07
t_simple,16050678,8,16384,128,1.16536e+08,2.18845e+07
c_simple,19260813,0,0,128,6.32912e+07,1.04263e+06
t_simple,19260813,1,512,128,3.01036e+08,5.14277e+07
t_simple,19260813,2,512,128,2.68143e+08,3.30643e+07
t_simple,19260813,4,512,128,2.44615e+08,2.72861e+07
t_simple,19260813,8,512,128,2.10267e+08,3.5844e+07
t_simple,19260813,1,1024,128,2.534e+08,3.50454e+07
t_simple,19260813,2,1024,128,1.91976e+08,2.05431e+07
t_simple,19260813,4,1024,128,1.79875e+08,2.52969e+07
t_simple,19260813,8,1024,128,1.62215e+08,2.85647e+07
t_simple,19260813,1,2048,128,2.27051e+08,1.80292e+07
t_simple,19260813,2,2048,128,1.55062e+08,1.92145e+07
t_simple,19260813,4,2048,128,1.49186e+08,2.54639e+07
t_simple,19260813,8,2048,128,1.46317e+08,2.65882e+07
t_simple,19260813,1,4096,128,2.09887e+08,1.66203e+07
t_simple,19260813,2,4096,128,1.46965e+08,1.81974e+07
t_simple,19260813,4,4096,128,1.41261e+08,1.82698e+07
t_simple,19260813,8,4096,128,1.41246e+08,2.39955e+07
t_simple,19260813,1,8192,128,2.0219e+08,2.04017e+07
t_simple,19260813,2,8192,128,1.3752e+08,1.9193e+07
t_simple,19260813,4,8192,128,1.35172e+08,1.82747e+07
t_simple,19260813,8,8192,128,1.36839e+08,2.53658e+07
t_simple,19260813,1,16384,128,1.97758e+08,1.47763e+07
t_simple,19260813,2,16384,128,1.34053e+08,2.08833e+07
t_simple,19260813,4,16384,128,1.2933e+08,2.21373e+07
t_simple,19260813,8,16384,128,1.38521e+08,2.65026e+07
c_simple,23112976,0,0,128,7.52671e+07,633305
t_simple,23112976,1,512,128,3.61456e+08,5.84904e+07
t_simple,23112976,2,512,128,3.14852e+08,3.63385e+07
t_simple,23112976,4,512,128,2.84895e+08,3.55426e+07
t_simple,23112976,8,512,128,2.57394e+08,4.69366e+07
t_simple,23112976,1,1024,128,2.98004e+08,5.05937e+07
t_simple,23112976,2,1024,128,2.31032e+08,2.81945e+07
t_simple,23112976,4,1024,128,2.12932e+08,2.87451e+07
t_simple,23112976,8,1024,128,1.9141e+08,4.03331e+07
t_simple,23112976,1,2048,128,2.66555e+08,2.38415e+07
t_simple,23112976,2,2048,128,1.78933e+08,2.31088e+07
t_simple,23112976,4,2048,128,1.72278e+08,2.64735e+07
t_simple,23112976,8,2048,128,1.78759e+08,3.66715e+07
t_simple,23112976,1,4096,128,2.49342e+08,2.61832e+07
t_simple,23112976,2,4096,128,1.70443e+08,1.89047e+07
t_simple,23112976,4,4096,128,1.61899e+08,2.51524e+07
t_simple,23112976,8,4096,128,1.63017e+08,3.12156e+07
t_simple,23112976,1,8192,128,2.41714e+08,1.89726e+07
t_simple,23112976,2,8192,128,1.66332e+08,2.1596e+07
t_simple,23112976,4,8192,128,1.58484e+08,2.38444e+07
t_simple,23112976,8,8192,128,1.59863e+08,2.99086e+07
t_simple,23112976,1,16384,128,2.35049e+08,1.90459e+07
t_simple,23112976,2,16384,128,1.58856e+08,2.21361e+07
t_simple,23112976,4,16384,128,1.48334e+08,2.23478e+07
t_simple,23112976,8,16384,128,1.52399e+08,3.04697e+07
c_simple,27735572,0,0,128,9.06164e+07,2.14645e+06
t_simple,27735572,1,512,128,4.33083e+08,6.99709e+07
t_simple,27735572,2,512,128,3.84033e+08,4.58856e+07
t_simple,27735572,4,512,128,3.4276e+08,4.26191e+07
t_simple,27735572,8,512,128,3.04835e+08,5.78189e+07
t_simple,27735572,1,1024,128,3.54783e+08,6.12296e+07
t_simple,27735572,2,1024,128,2.69876e+08,3.04015e+07
t_simple,27735572,4,1024,128,2.61867e+08,3.07666e+07
t_simple,27735572,8,1024,128,2.31197e+08,4.53272e+07
t_simple,27735572,1,2048,128,3.22374e+08,3.07644e+07
t_simple,27735572,2,2048,128,2.15589e+08,2.71152e+07
t_simple,27735572,4,2048,128,1.97942e+08,3.03675e+07
t_simple,27735572,8,2048,128,2.10971e+08,3.92919e+07
t_simple,27735572,1,4096,128,3.01126e+08,2.35736e+07
t_simple,27735572,2,4096,128,2.00986e+08,2.85752e+07
t_simple,27735572,4,4096,128,1.95253e+08,2.63905e+07
t_simple,27735572,8,4096,128,1.94215e+08,3.58284e+07
t_simple,27735572,1,8192,128,2.90431e+08,2.08865e+07
t_simple,27735572,2,8192,128,1.98606e+08,1.89204e+07
t_simple,27735572,4,8192,128,1.8636e+08,3.00081e+07
t_simple,27735572,8,8192,128,1.87996e+08,3.25522e+07
t_simple,27735572,1,16384,128,2.79994e+08,2.37395e+07
t_simple,27735572,2,16384,128,1.87033e+08,2.95944e+07
t_simple,27735572,4,16384,128,1.74668e+08,3.06074e+07
t_simple,27735572,8,16384,128,1.85172e+08,3.96009e+07
c_simple,33282686,0,0,128,1.12031e+08,771746
t_simple,33282686,1,512,128,5.08697e+08,8.79634e+07
t_simple,33282686,2,512,128,4.55177e+08,6.38878e+07
t_simple,33282686,4,512,128,4.2221e+08,6.05124e+07
t_simple,33282686,8,512,128,3.69315e+08,6.72956e+07
t_simple,33282686,1,1024,128,4.24459e+08,7.23095e+07
t_simple,33282686,2,1024,128,3.24281e+08,4.30362e+07
t_simple,33282686,4,1024,128,3.1072e+08,4.80989e+07
t_simple,33282686,8,1024,128,2.77043e+08,6.09629e+07
t_simple,33282686,1,2048,128,3.89646e+08,3.2189e+07
t_simple,33282686,2,2048,128,2.55852e+08,3.07579e+07
t_simple,33282686,4,2048,128,2.39248e+08,4.36123e+07
t_simple,33282686,8,2048,128,2.46967e+08,5.25955e+07
t_simple,33282686,1,4096,128,3.59342e+08,3.04971e+07
t_simple,33282686,2,4096,128,2.41697e+08,3.69249e+07
t_simple,33282686,4,4096,128,2.22959e+08,3.14121e+07
t_simple,33282686,8,4096,128,2.34416e+08,4.40754e+07
t_simple,33282686,1,8192,128,3.47764e+08,2.7317e+07
t_simple,33282686,2,8192,128,2.36012e+08,2.7493e+07
t_simple,33282686,4,8192,128,2.21787e+08,3.51198e+07
t_simple,33282686,8,8192,128,2.25122e+08,4.11082e+07
t_simple,33282686,1,16384,128,3.37352e+08,2.57353e+07
t_simple,33282686,2,16384,128,2.20301e+08,2.98274e+07
t_simple,33282686,4,16384,128,2.03988e+08,3.56976e+07
t_simple,33282686,8,16384,128,2.04288e+08,4.64597e+07
c_simple,39939223,0,0,128,1.30087e+08,239473
t_simple,39939223,1,512,128,6.3343e+08,8.91883e+07
t_simple,39939223,2,512,128,5.5492e+08,7.40428e+07
t_simple,39939223,4,512,128,5.16216e+08,6.97818e+07
t_simple,39939223,8,512,128,4.61762e+08,8.82624e+07
t_simple,39939223,1,1024,128,5.0739e+08,8.48102e+07
t_simple,39939223,2,1024,128,3.95354e+08,4.58756e+07
t_simple,39939223,4,1024,128,3.7091e+08,4.77859e+07
t_simple,39939223,8,1024,128,3.26253e+08,6.64118e+07
t_simple,39939223,1,2048,128,4.60547e+08,5.33414e+07
t_simple,39939223,2,2048,128,3.12144e+08,4.88746e+07
t_simple,39939223,4,2048,128,2.84647e+08,5.88598e+07
t_simple,39939223,8,2048,128,2.88355e+08,6.79938e+07
t_simple,39939223,1,4096,128,4.34047e+08,3.56544e+07
t_simple,39939223,2,4096,128,2.94333e+08,4.037e+07
t_simple,39939223,4,4096,128,2.71867e+08,5.1711e+07
t_simple,39939223,8,4096,128,2.81742e+08,5.88303e+07
t_simple,39939223,1,8192,128,4.14911e+08,4.28062e+07
t_simple,39939223,2,8192,128,2.86392e+08,3.64681e+07
t_simple,39939223,4,8192,128,2.67197e+08,5.40995e+07
t_simple,39939223,8,8192,128,2.78962e+08,5.38208e+07
t_simple,39939223,1,16384,128,4.0605e+08,3.15878e+07
t_simple,39939223,2,16384,128,2.82218e+08,5.6593e+07
t_simple,39939223,4,16384,128,2.50638e+08,5.34055e+07
t_simple,39939223,8,16384,128,2.586e+08,6.44504e+07
c_simple,47927068,0,0,128,1.57046e+08,1.10301e+06
t_simple,47927068,1,512,128,7.56232e+08,1.04317e+08
t_simple,47927068,2,512,128,6.67556e+08,9.34334e+07
t_simple,47927068,4,512,128,6.17565e+08,9.73494e+07
t_simple,47927068,8,512,128,5.53378e+08,1.00456e+08
t_simple,47927068,1,1024,128,6.14719e+08,9.39876e+07
t_simple,47927068,2,1024,128,4.61934e+08,6.45287e+07
t_simple,47927068,4,1024,128,4.39984e+08,6.7283e+07
t_simple,47927068,8,1024,128,3.95775e+08,8.13982e+07
t_simple,47927068,1,2048,128,5.56783e+08,5.0737e+07
t_simple,47927068,2,2048,128,3.72351e+08,5.47381e+07
t_simple,47927068,4,2048,128,3.43972e+08,6.47503e+07
t_simple,47927068,8,2048,128,3.68687e+08,7.8606e+07
t_simple,47927068,1,4096,128,5.18495e+08,4.31214e+07
t_simple,47927068,2,4096,128,3.46938e+08,4.06121e+07
t_simple,47927068,4,4096,128,3.20796e+08,5.85343e+07
t_simple,47927068,8,4096,128,3.32041e+08,6.73389e+07
t_simple,47927068,1,8192,128,5.01747e+08,4.07181e+07
t_simple,47927068,2,8192,128,3.3846e+08,4.24432e+07
t_simple,47927068,4,8192,128,3.1818e+08,5.97286e+07
t_simple,47927068,8,8192,128,3.26198e+08,6.52294e+07
t_simple,47927068,1,16384,128,4.86662e+08,3.77513e+07
t_simple,47927068,2,16384,128,3.33421e+08,6.6762e+07
t_simple,47927068,4,16384,128,2.79737e+08,7.3595e+07
t_simple,47927068,8,16384,128,3.22305e+08,7.82876e+07
c_simple,57512482,0,0,128,1.87651e+08,1.53408e+06
t_simple,57512482,1,512,128,9.06863e+08,1.25964e+08
t_simple,57512482,2,512,128,8.19294e+08,1.03057e+08
t_simple,57512482,4,512,128,7.60021e+08,1.04855e+08
t_simple,57512482,8,512,128,6.6228e+08,1.11771e+08
t_simple,57512482,1,1024,128,7.27201e+08,1.10032e+08
t_simple,57512482,2,1024,128,5.67956e+08,8.22962e+07
t_simple,57512482,4,1024,128,5.29736e+08,8.30686e+07
t_simple,57512482,8,1024,128,4.89779e+08,1.07109e+08
t_simple,57512482,1,2048,128,6.67706e+08,5.59699e+07
t_simple,57512482,2,2048,128,4.38872e+08,6.89435e+07
t_simple,57512482,4,2048,128,4.09597e+08,9.22173e+07
t_simple,57512482,8,2048,128,4.22664e+08,9.52838e+07
t_simple,57512482,1,4096,128,6.20028e+08,5.64746e+07
t_simple,57512482,2,4096,128,4.141e+08,6.07782e+07
t_simple,57512482,4,4096,128,3.74163e+08,7.31831e+07
t_simple,57512482,8,4096,128,4.04639e+08,8.06281e+07
t_simple,57512482,1,8192,128,5.96516e+08,4.44533e+07
t_simple,57512482,2,8192,128,4.12178e+08,5.31495e+07
t_simple,57512482,4,8192,128,3.65037e+08,6.99732e+07
t_simple,57512482,8,8192,128,3.84147e+08,8.2072e+07
t_simple,57512482,1,16384,128,5.78785e+08,4.46472e+07
t_simple,57512482,2,16384,128,3.89395e+08,6.32664e+07
t_simple,57512482,4,16384,128,3.53317e+08,7.8944e+07
t_simple,57512482,8,16384,128,3.49768e+08,9.07636e+07
c_simple,69014978,0,0,128,2.31198e+08,968469
t_simple,69014978,1,512,128,1.08093e+09,1.3914e+08
t_simple,69014978,2,512,128,9.54483e+08,1.13735e+08
t_simple,69014978,4,512,128,9.07919e+08,1.22723e+08
t_simple,69014978,8,512,128,8.14326e+08,1.38854e+08
t_simple,69014978,1,1024,128,8.99091e+08,9.81274e+07
t_simple,69014978,2,1024,128,6.8659e+08,1.07251e+08
t_simple,69014978,4,1024,128,6.54839e+08,1.03388e+08
t_simple,69014978,8,1024,128,6.06229e+08,1.38376e+08
t_simple,69014978,1,2048,128,7.99522e+08,6.6358e+07
t_simple,69014978,2,2048,128,5.32488e+08,8.54344e+07
t_simple,69014978,4,2048,128,5.04234e+08,1.08159e+08
t_simple,69014978,8,2048,128,5.22502e+08,1.21518e+08
t_simple,69014978,1,4096,128,7.46227e+08,6.08678e+07
t_simple,69014978,2,4096,128,5.15125e+08,6.41968e+07
t_simple,69014978,4,4096,128,4.35022e+08,8.00977e+07
t_simple,69014978,8,4096,128,4.92986e+08,1.04131e+08
t_simple,69014978,1,8192,128,7.14287e+08,5.60627e+07
t_simple,69014978,2,8192,128,4.93641e+08,6.94081e+07
t_simple,69014978,4,8192,128,4.43014e+08,8.76574e+07
t_simple,69014978,8,8192,128,4.83698e+08,1.03971e+08
t_simple,69014978,1,16384,128,6.9199e+08,5.42005e+07
t_simple,69014978,2,16384,128,4.95457e+08,1.01475e+08
t_simple,69014978,4,16384,128,4.59404e+08,1.07119e+08
t_simple,69014978,8,16384,128,4.3685e+08,1.14391e+08
c_simple,82817974,0,0,128,2.74992e+08,1.9843e+06
t_simple,82817974,1,512,128,1.28727e+09,1.70598e+08
t_simple,82817974,2,512,128,1.16167e+09,1.44712e+08
t_simple,82817974,4,512,128,1.08972e+09,1.47292e+08
t_simple,82817974,8,512,128,9.69406e+08,1.94507e+08
t_simple,82817974,1,1024,128,1.08709e+09,9.28429e+07
t_simple,82817974,2,1024,128,8.46478e+08,1.38105e+08
t_simple,82817974,4,1024,128,7.80772e+08,1.31621e+08
t_simple,82817974,8,1024,128,7.22974e+08,1.54891e+08
t_simple,82817974,1,2048,128,9.62477e+08,7.96058e+07
t_simple,82817974,2,2048,128,6.73635e+08,1.20759e+08
t_simple,82817974,4,2048,128,6.15513e+08,1.31508e+08
t_simple,82817974,8,2048,128,6.2708e+08,1.34992e+08
t_simple,82817974,1,4096,128,8.90072e+08,7.89158e+07
t_simple,82817974,2,4096,128,6.00607e+08,6.94192e+07
t_simple,82817974,4,4096,128,5.29741e+08,1.18727e+08
t_simple,82817974,8,4096,128,5.76983e+08,1.37248e+08
t_simple,82817974,1,8192,128,8.59263e+08,6.54072e+07
t_simple,82817974,2,8192,128,5.94283e+08,1.01273e+08
t_simple,82817974,4,8192,128,5.4436e+08,1.02056e+08
t_simple,82817974,8,8192,128,5.47974e+08,1.01226e+08
t_simple,82817974,1,16384,128,8.30564e+08,7.1184e+07
t_simple,82817974,2,16384,128,6.04849e+08,1.10858e+08
t_simple,82817974,4,16384,128,5.31063e+08,1.32724e+08
t_simple,82817974,8,16384,128,5.52848e+08,1.39157e+08
c_simple,99381569,0,0,128,3.31071e+08,2.15714e+06
t_simple,99381569,1,512,128,1.5514e+09,1.8125e+08
t_simple,99381569,2,512,128,1.41805e+09,1.71749e+08
t_simple,99381569,4,512,128,1.31992e+09,1.68009e+08
t_simple,99381569,8,512,128,1.17238e+09,2.13975e+08
t_simple,99381569,1,1024,128,1.29236e+09,1.46818e+08
t_simple,99381569,2,1024,128,1.02168e+09,1.64149e+08
t_simple,99381569,4,1024,128,9.42803e+08,1.39419e+08
t_simple,99381569,8,1024,128,8.99562e+08,1.87476e+08
t_simple,99381569,1,2048,128,1.13284e+09,1.12621e+08
t_simple,99381569,2,2048,128,8.01624e+08,1.28116e+08
t_simple,99381569,4,2048,128,7.13065e+08,1.65389e+08
t_simple,99381569,8,2048,128,7.60337e+08,1.668e+08
t_simple,99381569,1,4096,128,1.07181e+09,8.93496e+07
t_simple,99381569,2,4096,128,7.30693e+08,9.69077e+07
t_simple,99381569,4,4096,128,6.32836e+08,1.36305e+08
t_simple,99381569,8,4096,128,6.69361e+08,1.4341e+08
t_simple,99381569,1,8192,128,1.03568e+09,8.09871e+07
t_simple,99381569,2,8192,128,7.14414e+08,1.04045e+08
t_simple,99381569,4,8192,128,6.565e+08,1.27726e+08
t_simple,99381569,8,8192,128,7.02316e+08,1.45292e+08
t_simple,99381569,1,16384,128,1.00588e+09,8.85663e+07
t_simple,99381569,2,16384,128,7.17645e+08,1.33755e+08
t_simple,99381569,4,16384,128,6.29609e+08,1.4448e+08
t_simple,99381569,8,16384,128,7.02575e+08,1.74944e+08
c_simple,119257883,0,0,128,3.96009e+08,5.54547e+06
t_simple,119257883,1,512,128,1.88999e+09,1.88696e+08
t_simple,119257883,2,512,128,1.69816e+09,2.10553e+08
t_simple,119257883,4,512,128,1.61613e+09,2.19328e+08
t_simple,119257883,8,512,128,1.51165e+09,2.59701e+08
t_simple,119257883,1,1024,128,1.55807e+09,1.2193e+08
t_simple,119257883,2,1024,128,1.21523e+09,1.84977e+08
t_simple,119257883,4,1024,128,1.16907e+09,1.90411e+08
t_simple,119257883,8,1024,128,1.09005e+09,2.08751e+08
t_simple,119257883,1,2048,128,1.3781e+09,1.20867e+08
t_simple,119257883,2,2048,128,9.25793e+08,1.65345e+08
t_simple,119257883,4,2048,128,9.40035e+08,1.95039e+08
t_simple,119257883,8,2048,128,9.24145e+08,1.97723e+08
t_simple,119257883,1,4096,128,1.2436e+09,1.98929e+08
t_simple,119257883,2,4096,128,8.59033e+08,1.19807e+08
t_simple,119257883,4,4096,128,7.9753e+08,1.68316e+08
t_simple,119257883,8,4096,128,8.37546e+08,1.71977e+08
t_simple,119257883,1,8192,128,1.23874e+09,9.2225e+07
t_simple,119257883,2,8192,128,8.40434e+08,9.34351e+07
t_simple,119257883,4,8192,128,7.3535e+08,1.32029e+08
t_simple,119257883,8,8192,128,8.33173e+08,1.83995e+08
t_simple,119257883,1,16384,128,1.19838e+09,1.07189e+08
t_simple,119257883,2,16384,128,8.5527e+08,1.64607e+08
t_simple,119257883,4,16384,128,7.69561e+08,1.84211e+08
t_simple,119257883,8,16384,128,8.3391e+08,2.18233e+08
c_simple,143109459,0,0,128,4.71833e+08,1.12011e+07
t_simple,143109459,1,512,128,2.25903e+09,2.58939e+08
t_simple,143109459,2,512,128,2.03954e+09,2.78457e+08
t_simple,143109459,4,512,128,1.94025e+09,2.29745e+08
t_simple,143109459,8,512,128,1.838e+09,3.03999e+08
t_simple,143109459,1,1024,128,1.8334e+09,2.30824e+08
t_simple,143109459,2,1024,128,1.46209e+09,2.24238e+08
t_simple,143109459,4,1024,128,1.39911e+09,2.03846e+08
t_simple,143109459,8,1024,128,1.30179e+09,2.70661e+08
t_simple,143109459,1,2048,128,1.64217e+09,1.268e+08
t_simple,143109459,2,2048,128,1.16349e+09,2.11126e+08
t_simple,143109459,4,2048,128,1.14565e+09,2.53608e+08
t_simple,143109459,8,2048,128,1.15295e+09,2.34738e+08
t_simple,143109459,1,4096,128,1.53603e+09,1.10511e+08
t_simple,143109459,2,4096,128,1.07235e+09,1.30738e+08
t_simple,143109459,4,4096,128,1.03251e+09,2.2168e+08
t_simple,143109459,8,4096,128,1.02805e+09,2.13637e+08
t_simple,143109459,1,8192,128,1.47756e+09,1.19023e+08
t_simple,143109459,2,8192,128,1.00953e+09,1.1765e+08
t_simple,143109459,4,8192,128,9.17169e+08,1.66457e+08
t_simple,143109459,8,8192,128,1.00557e+09,2.08179e+08
t_simple,143109459,1,16384,128,1.44524e+09,1.02964e+08
t_simple,143109459,2,16384,128,9.67183e+08,1.50524e+08
t_simple,143109459,4,16384,128,9.0823e+08,2.24649e+08
t_simple,143109459,8,16384,128,9.2147e+08,2.4346e+08
c_simple,171731351,0,0,128,5.65669e+08,5.11508e+06
t_simple,171731351,1,512,128,2.67381e+09,3.68386e+08
t_simple,171731351,2,512,128,2.49353e+09,3.2013e+08
t_simple,171731351,4,512,128,2.43403e+09,2.86781e+08
t_simple,171731351,8,512,128,2.24455e+09,3.77093e+08
t_simple,171731351,1,1024,128,2.24165e+09,2.15935e+08
t_simple,171731351,2,1024,128,1.79788e+09,2.5886e+08
t_simple,171731351,4,1024,128,1.71217e+09,2.57614e+08
t_simple,171731351,8,1024,128,1.71604e+09,3.14776e+08
t_simple,171731351,1,2048,128,1.99821e+09,1.64954e+08
t_simple,171731351,2,2048,128,1.42938e+09,2.82818e+08
t_simple,171731351,4,2048,128,1.35635e+09,2.88402e+08
t_simple,171731351,8,2048,128,1.3969e+09,3.00419e+08
t_simple,171731351,1,4096,128,1.86251e+09,1.41698e+08
t_simple,171731351,2,4096,128,1.32725e+09,2.29155e+08
t_simple,171731351,4,4096,128,1.2491e+09,2.5941e+08
t_simple,171731351,8,4096,128,1.33111e+09,2.41969e+08
t_simple,171731351,1,8192,128,1.79954e+09,1.45326e+08
t_simple,171731351,2,8192,128,1.30525e+09,2.02667e+08
t_simple,171731351,4,8192,128,1.21493e+09,2.27974e+08
t_simple,171731351,8,8192,128,1.33845e+09,2.43042e+08
t_simple,171731351,1,16384,128,1.72735e+09,1.40364e+08
t_simple,171731351,2,16384,128,1.35048e+09,2.66987e+08
t_simple,171731351,4,16384,128,1.21696e+09,2.80684e+08
t_simple,171731351,8,16384,128,1.33809e+09,2.76527e+08
c_simple,206077622,0,0,128,6.70835e+08,2.72937e+06
t_simple,206077622,1,512,128,3.26441e+09,3.02437e+08
t_simple,206077622,2,512,128,3.02421e+09,3.70059e+08
t_simple,206077622,4,512,128,2.91372e+09,3.21958e+08
t_simple,206077622,8,512,128,2.71619e+09,3.81351e+08
t_simple,206077622,1,1024,128,2.71572e+09,2.19063e+08
t_simple,206077622,2,1024,128,2.18498e+09,3.2973e+08
t_simple,206077622,4,1024,128,2.10823e+09,2.92601e+08
t_simple,206077622,8,1024,128,2.05565e+09,3.68705e+08
t_simple,206077622,1,2048,128,2.39109e+09,1.81259e+08
t_simple,206077622,2,2048,128,1.73124e+09,3.02082e+08
t_simple,206077622,4,2048,128,1.68979e+09,3.64005e+08
t_simple,206077622,8,2048,128,1.76333e+09,3.32429e+08
t_simple,206077622,1,4096,128,2.22364e+09,1.65382e+08
t_simple,206077622,2,4096,128,1.54644e+09,2.39756e+08
t_simple,206077622,4,4096,128,1.45601e+09,3.14077e+08
t_simple,206077622,8,4096,128,1.50705e+09,3.35772e+08
t_simple,206077622,1,8192,128,2.13461e+09,1.73775e+08
t_simple,206077622,2,8192,128,1.50106e+09,2.06437e+08
t_simple,206077622,4,8192,128,1.3519e+09,2.4598e+08
t_simple,206077622,8,8192,128,1.40973e+09,2.62433e+08
t_simple,206077622,1,16384,128,2.05788e+09,1.73534e+08
t_simple,206077622,2,16384,128,1.44333e+09,2.1269e+08
t_simple,206077622,4,16384,128,1.3477e+09,2.93196e+08
t_simple,206077622,8,16384,128,1.5594e+09,3.52952e+08
c_simple,247293146,0,0,128,8.06518e+08,8.29034e+06
t_simple,247293146,1,512,128,3.84494e+09,4.21226e+08
t_simple,247293146,2,512,128,3.66231e+09,4.61047e+08
t_simple,247293146,4,512,128,3.4838e+09,3.47702e+08
t_simple,247293146,8,512,128,3.23191e+09,4.96308e+08
t_simple,247293146,1,1024,128,3.1988e+09,2.88185e+08
t_simple,247293146,2,1024,128,2.57177e+09,4.20764e+08
t_simple,247293146,4,1024,128,2.5177e+09,3.65128e+08
t_simple,247293146,8,1024,128,2.43526e+09,4.57516e+08
t_simple,247293146,1,2048,128,2.82966e+09,2.24967e+08
t_simple,247293146,2,2048,128,2.01147e+09,3.8874e+08
t_simple,247293146,4,2048,128,2.03179e+09,4.33489e+08
t_simple,247293146,8,2048,128,2.1652e+09,3.90308e+08
t_simple,247293146,1,4096,128,2.66219e+09,2.10583e+08
t_simple,247293146,2,4096,128,1.88242e+09,2.65483e+08
t_simple,247293146,4,4096,128,1.85598e+09,4.05093e+08
t_simple,247293146,8,4096,128,1.86499e+09,3.84098e+08
t_simple,247293146,1,8192,128,2.54812e+09,2.27684e+08
t_simple,247293146,2,8192,128,1.81775e+09,2.56883e+08
t_simple,247293146,4,8192,128,1.6936e+09,3.25338e+08
t_simple,247293146,8,8192,128,1.85753e+09,3.61486e+08
t_simple,247293146,1,16384,128,2.48295e+09,1.9707e+08
t_simple,247293146,2,16384,128,1.87041e+09,3.94467e+08
t_simple,247293146,4,16384,128,1.75216e+09,3.81682e+08
t_simple,247293146,8,16384,128,1.93986e+09,3.83355e+08
c_simple,296751776,0,0,128,9.84188e+08,1.41775e+07
t_simple,296751776,1,512,128,4.67518e+09,4.30429e+08
t_simple,296751776,2,512,128,4.37595e+09,5.42223e+08
t_simple,296751776,4,512,128,4.29319e+09,4.40614e+08
t_simple,296751776,8,512,128,3.9302e+09,5.73719e+08
t_simple,296751776,1,1024,128,3.88792e+09,3.70628e+08
t_simple,296751776,2,1024,128,3.27608e+09,4.76699e+08
t_simple,296751776,4,1024,128,3.06854e+09,4.01904e+08
t_simple,296751776,8,1024,128,3.04922e+09,4.93619e+08
t_simple,296751776,1,2048,128,3.42568e+09,2.63524e+08
t_simple,296751776,2,2048,128,2.54732e+09,5.17618e+08
t_simple,296751776,4,2048,128,2.53421e+09,4.82885e+08
t_simple,296751776,8,2048,128,2.53397e+09,4.84672e+08
t_simple,296751776,1,4096,128,3.16412e+09,2.5177e+08
t_simple,296751776,2,4096,128,2.23019e+09,3.72399e+08
t_simple,296751776,4,4096,128,2.24174e+09,4.46128e+08
t_simple,296751776,8,4096,128,2.22699e+09,4.43812e+08
t_simple,296751776,1,8192,128,3.04471e+09,2.57522e+08
t_simple,296751776,2,8192,128,2.13949e+09,3.18447e+08
t_simple,296751776,4,8192,128,1.99752e+09,3.74015e+08
t_simple,296751776,8,8192,128,2.10168e+09,4.007e+08
t_simple,296751776,1,16384,128,2.96064e+09,2.34237e+08
t_simple,296751776,2,16384,128,2.06479e+09,3.69247e+08
t_simple,296751776,4,16384,128,2.03316e+09,4.49924e+08
t_simple,296751776,8,16384,128,2.19538e+09,4.89378e+08
c_simple,356102131,0,0,128,1.18179e+09,7.99268e+06
t_simple,356102131,1,512,128,5.59434e+09,6.91686e+08
t_simple,356102131,2,512,128,5.2259e+09,6.27815e+08
t_simple,356102131,4,512,128,5.19423e+09,5.49682e+08
t_simple,356102131,8,512,128,4.84358e+09,6.56069e+08
t_simple,356102131,1,1024,128,4.63751e+09,4.13483e+08
t_simple,356102131,2,1024,128,3.96961e+09,5.24688e+08
t_simple,356102131,4,1024,128,3.734e+09,5.41252e+08
t_simple,356102131,8,1024,128,3.52811e+09,6.67186e+08
t_simple,356102131,1,2048,128,4.07627e+09,3.50458e+08
t_simple,356102131,2,2048,128,3.00169e+09,6.09717e+08
t_simple,356102131,4,2048,128,3.09439e+09,5.85459e+08
t_simple,356102131,8,2048,128,3.1808e+09,5.18656e+08
t_simple,356102131,1,4096,128,3.79537e+09,2.97962e+08
t_simple,356102131,2,4096,128,2.68956e+09,4.43482e+08
t_simple,356102131,4,4096,128,2.71356e+09,5.82346e+08
t_simple,356102131,8,4096,128,2.80165e+09,4.95702e+08
t_simple,356102131,1,8192,128,3.64772e+09,3.16559e+08
t_simple,356102131,2,8192,128,2.617e+09,4.2385e+08
t_simple,356102131,4,8192,128,2.55745e+09,5.10477e+08
t_simple,356102131,8,8192,128,2.77776e+09,5.18044e+08
t_simple,356102131,1,16384,128,3.55645e+09,2.91048e+08
t_simple,356102131,2,16384,128,2.81243e+09,5.15566e+08
t_simple,356102131,4,16384,128,2.68639e+09,5.34937e+08
t_simple,356102131,8,16384,128,2.91012e+09,5.28551e+08
single_simple,868147,0,0,128,1.07111e+06,10759.2
single_simple,1041776,0,0,128,1.29672e+06,15951.9
single_simple,1250132,0,0,128,1.55001e+06,13907.9
single_simple,1500158,0,0,128,1.85701e+06,14554.9
single_simple,1800190,0,0,128,2.24198e+06,22295.4
single_simple,2160228,0,0,128,2.67026e+06,17188.8
single_simple,2592274,0,0,128,3.20658e+06,22494.7
single_simple,3110728,0,0,128,3.85608e+06,31846.4
single_simple,3732874,0,0,128,4.64384e+06,45587.9
single_simple,4479449,0,0,128,5.53882e+06,53679.5
single_simple,5375339,0,0,128,6.65176e+06,70616.6
single_simple,6450407,0,0,128,7.96956e+06,26601.9
single_simple,7740489,0,0,128,9.60124e+06,76818.2
single_simple,9288586,0,0,128,1.15369e+07,66313.3
single_simple,11146304,0,0,128,1.39177e+07,100269
single_simple,13375565,0,0,128,1.66874e+07,201200
single_simple,16050678,0,0,128,2.00639e+07,113906
single_simple,19260813,0,0,128,2.39318e+07,224025
single_simple,23112976,0,0,128,2.8887e+07,109682
single_simple,27735572,0,0,128,3.46546e+07,142929
single_simple,33282686,0,0,128,4.157e+07,200025
single_simple,39939223,0,0,128,4.92363e+07,426161
single_simple,47927068,0,0,128,5.98895e+07,212924
single_simple,57512482,0,0,128,7.16136e+07,529168
single_simple,69014978,0,0,128,8.63227e+07,427727
single_simple,82817974,0,0,128,1.02804e+08,964579
single_simple,99381569,0,0,128,1.25446e+08,1.95004e+06
single_simple,119257883,0,0,128,1.51374e+08,1.97237e+06
single_simple,143109459,0,0,128,1.8169e+08,2.29747e+06
single_simple,171731351,0,0,128,2.22547e+08,5.52649e+06
single_simple,206077622,0,0,128,2.72772e+08,8.83617e+06
single_simple,247293146,0,0,128,3.33209e+08,3.3333e+06
single_simple,296751776,0,0,128,3.99723e+08,3.38174e+06
single_simple,356102131,0,0,128,4.63147e+08,1.89056e+07
single_simple,427322557,0,0,128,5.38629e+08,6.70431e+06
c_simple,427322557,0,0,128,1.41092e+09,1.6412e+07
t_simple,427322557,1,512,128,6.78693e+09,6.64205e+08
t_simple,427322557,2,512,128,6.46293e+09,7.30569e+08
t_simple,427322557,4,512,128,6.29908e+09,5.28319e+08
t_simple,427322557,8,512,128,5.90423e+09,6.7132e+08
t_simple,427322557,1,1024,128,5.58494e+09,4.67252e+08
t_simple,427322557,2,1024,128,4.7391e+09,6.37318e+08
t_simple,427322557,4,1024,128,4.64259e+09,6.2008e+08
t_simple,427322557,8,1024,128,4.51113e+09,6.7135e+08
t_simple,427322557,1,2048,128,4.93694e+09,3.77309e+08
t_simple,427322557,2,2048,128,3.73623e+09,7.29189e+08
t_simple,427322557,4,2048,128,3.72447e+09,6.94225e+08
t_simple,427322557,8,2048,128,3.82901e+09,6.34092e+08
t_simple,427322557,1,4096,128,4.57596e+09,3.75533e+08
t_simple,427322557,2,4096,128,3.28888e+09,4.83528e+08
t_simple,427322557,4,4096,128,3.20892e+09,7.50211e+08
t_simple,427322557,8,4096,128,3.48221e+09,5.8011e+08
t_simple,427322557,1,8192,128,4.41082e+09,3.45301e+08
t_simple,427322557,2,8192,128,3.21039e+09,6.04024e+08
t_simple,427322557,4,8192,128,3.19124e+09,6.23554e+08
t_simple,427322557,8,8192,128,3.43081e+09,6.19621e+08
t_simple,427322557,1,16384,128,4.29803e+09,3.35543e+08
t_simple,427322557,2,16384,128,3.41258e+09,5.76734e+08
t_simple,427322557,4,16384,128,3.29944e+09,5.68075e+08
t_simple,427322557,8,16384,128,3.65613e+09,4.69643e+08
single_simple,512787069,0,0,128,6.55736e+08,2.79945e+07
c_simple,512787069,0,0,128,1.68092e+09,1.24056e+07
t_simple,512787069,1,512,128,8.13935e+09,8.05475e+08
t_simple,512787069,2,512,128,7.80431e+09,8.11099e+08
t_simple,512787069,4,512,128,7.69936e+09,7.1855e+08
t_simple,512787069,8,512,128,7.14794e+09,7.71189e+08
t_simple,512787069,1,1024,128,6.66172e+09,5.19955e+08
t_simple,512787069,2,1024,128,5.63399e+09,8.22764e+08
t_simple,512787069,4,1024,128,5.48507e+09,6.81089e+08
t_simple,512787069,8,1024,128,5.38887e+09,8.14565e+08
t_simple,512787069,1,2048,128,5.89012e+09,4.29759e+08
t_simple,512787069,2,2048,128,4.54909e+09,8.67878e+08
t_simple,512787069,4,2048,128,4.6017e+09,8.01185e+08
t_simple,512787069,8,2048,128,4.71288e+09,7.19948e+08
t_simple,512787069,1,4096,128,5.52255e+09,4.42661e+08
t_simple,512787069,2,4096,128,4.05175e+09,7.32522e+08
t_simple,512787069,4,4096,128,4.05932e+09,8.55957e+08
t_simple,512787069,8,4096,128,4.33813e+09,7.14245e+08
t_simple,512787069,1,8192,128,5.30035e+09,4.19528e+08
t_simple,512787069,2,8192,128,3.92643e+09,6.78908e+08
t_simple,512787069,4,8192,128,3.92989e+09,6.93451e+08
t_simple,512787069,8,8192,128,4.15566e+09,7.23024e+08
t_simple,512787069,1,16384,128,5.12594e+09,4.30101e+08
t_simple,512787069,2,16384,128,4.40554e+09,7.30857e+08
t_simple,512787069,4,16384,128,4.23164e+09,7.78961e+08
t_simple,512787069,8,16384,128,4.44389e+09,5.79667e+08
single_simple,615344483,0,0,128,8.07669e+08,2.49242e+07
c_simple,615344483,0,0,128,2.05792e+09,3.2171e+07
t_simple,615344483,1,512,128,9.7528e+09,1.19485e+09
t_simple,615344483,2,512,128,9.49058e+09,9.90464e+08
t_simple,615344483,4,512,128,9.21717e+09,7.3974e+08
t_simple,615344483,8,512,128,8.63123e+09,9.78685e+08
t_simple,615344483,1,1024,128,8.06158e+09,6.72999e+08
t_simple,615344483,2,1024,128,7.03221e+09,8.42295e+08
t_simple,615344483,4,1024,128,6.63829e+09,8.00282e+08
t_simple,615344483,8,1024,128,6.64741e+09,8.66821e+08
t_simple,615344483,1,2048,128,7.11761e+09,5.7563e+08
t_simple,615344483,2,2048,128,5.70679e+09,1.05744e+09
t_simple,615344483,4,2048,128,5.56553e+09,9.96003e+08
t_simple,615344483,8,2048,128,5.70222e+09,7.76013e+08
t_simple,615344483,1,4096,128,6.60788e+09,5.74095e+08
t_simple,615344483,2,4096,128,5.01866e+09,8.77343e+08
t_simple,615344483,4,4096,128,4.99045e+09,1.01395e+09
t_simple,615344483,8,4096,128,5.27504e+09,9.10025e+08
t_simple,615344483,1,8192,128,6.3606e+09,5.09729e+08
t_simple,615344483,2,8192,128,4.95395e+09,8.93305e+08
t_simple,615344483,4,8192,128,4.69704e+09,8.76914e+08
t_simple,615344483,8,8192,128,5.06995e+09,8.1198e+08
t_simple,615344483,1,16384,128,6.12761e+09,5.19553e+08
t_simple,615344483,2,16384,128,5.3139e+09,9.28707e+08
t_simple,615344483,4,16384,128,5.14604e+09,8.32334e+08
t_simple,615344483,8,16384,128,5.57306e+09,6.18161e+08
single_simple,738413379,0,0,128,9.20116e+08,9.21741e+06
c_simple,738413379,0,0,128,2.42858e+09,9.89092e+06
t_simple,738413379,1,512,128,1.17218e+10,1.15571e+09
t_simple,738413379,2,512,128,1.13217e+10,1.19109e+09
t_simple,738413379,4,512,128,1.10991e+10,1.03128e+09
t_simple,738413379,8,512,128,1.06775e+10,1.12826e+09
t_simple,738413379,1,1024,128,9.53357e+09,8.1084e+08
t_simple,738413379,2,1024,128,8.31002e+09,1.06499e+09
t_simple,738413379,4,1024,128,8.05569e+09,9.74051e+08
t_simple,738413379,8,1024,128,8.26502e+09,9.82263e+08
t_simple,738413379,1,2048,128,8.42179e+09,6.1308e+08
t_simple,738413379,2,2048,128,6.73183e+09,1.16331e+09
t_simple,738413379,4,2048,128,6.77553e+09,1.08404e+09
t_simple,738413379,8,2048,128,6.83736e+09,1.03461e+09
t_simple,738413379,1,4096,128,7.90519e+09,5.55047e+08
t_simple,738413379,2,4096,128,5.71517e+09,8.50715e+08
t_simple,738413379,4,4096,128,5.77004e+09,1.12165e+09
t_simple,738413379,8,4096,128,6.11744e+09,1.02262e+09
t_simple,738413379,1,8192,128,7.5574e+09,5.66135e+08
t_simple,738413379,2,8192,128,5.32948e+09,7.6042e+08
t_simple,738413379,4,8192,128,5.09949e+09,9.08085e+08
t_simple,738413379,8,8192,128,5.85151e+09,1.09559e+09
t_simple,738413379,1,16384,128,7.38318e+09,5.85449e+08
t_simple,738413379,2,16384,128,5.76978e+09,1.06066e+09
t_simple,738413379,4,16384,128,5.46354e+09,1.14917e+09
t_simple,738413379,8,16384,128,5.99499e+09,1.00507e+09
single_simple,886096055,0,0,128,1.11267e+09,2.61539e+07
c_simple,886096055,0,0,128,2.91061e+09,1.53014e+07
t_simple,886096055,1,512,128,1.41673e+10,1.62284e+09
t_simple,886096055,2,512,128,1.423e+10,1.28948e+09
t_simple,886096055,4,512,128,1.34508e+10,1.1292e+09
t_simple,886096055,8,512,128,1.29011e+10,1.33477e+09
t_simple,886096055,1,1024,128,1.16099e+10,9.81364e+08
t_simple,886096055,2,1024,128,1.02712e+10,1.0688e+09
t_simple,886096055,4,1024,128,9.93912e+09,1.11912e+09
t_simple,886096055,8,1024,128,9.75498e+09,1.10134e+09
t_simple,886096055,1,2048,128,1.01979e+10,8.2858e+08
t_simple,886096055,2,2048,128,8.34052e+09,1.36962e+09
t_simple,886096055,4,2048,128,8.25939e+09,1.44429e+09
t_simple,886096055,8,2048,128,8.61959e+09,1.16684e+09
t_simple,886096055,1,4096,128,9.54375e+09,7.68634e+08
t_simple,886096055,2,4096,128,7.22588e+09,1.30328e+09
t_simple,886096055,4,4096,128,7.64346e+09,1.24751e+09
t_simple,886096055,8,4096,128,7.65843e+09,1.11805e+09
t_simple,886096055,1,8192,128,9.15466e+09,7.06635e+08
t_simple,886096055,2,8192,128,7.4127e+09,1.25137e+09
t_simple,886096055,4,8192,128,7.2617e+09,1.23256e+09
t_simple,886096055,8,8192,128,7.46166e+09,1.10127e+09
t_simple,886096055,1,16384,128,8.88367e+09,6.80539e+08
t_simple,886096055,2,16384,128,7.5999e+09,1.2439e+09
t_simple,886096055,4,16384,128,7.50443e+09,1.15615e+09
t_simple,886096055,8,16384,128,7.95653e+09,8.89462e+08